{
  "data_bspline_5_coef_bspline_5": 276.997369591155,
  "data_bspline_5_coef_bspline_7": 276.9973695911552,
  "data_bspline_5_coef_bspline_9": 276.99736959115467,
  "data_bspline_5_coef_fourier_5": 276.9973695911548,
  "data_bspline_5_coef_fourier_7": 276.99736959115484,
  "data_bspline_5_coef_fourier_9": 276.99736959115506,
  "data_bspline_7_coef_bspline_5": 276.84374455130273,
  "data_bspline_7_coef_bspline_7": 282.48517418311746,
  "data_bspline_7_coef_bspline_9": 282.4851741792533,
  "data_bspline_7_coef_fourier_5": 278.54314327399305,
  "data_bspline_7_coef_fourier_7": 282.48517418311724,
  "data_bspline_7_coef_fourier_9": 282.48517418311735,
  "data_bspline_9_coef_bspline_5": 276.97370977770714,
  "data_bspline_9_coef_bspline_7": 282.79595947516214,
  "data_bspline_9_coef_bspline_9": 282.5846637963824,
  "data_bspline_9_coef_fourier_5": 278.84350708350337,
  "data_bspline_9_coef_fourier_7": 280.0361788200365,
  "data_bspline_9_coef_fourier_9": 282.58466379627816,
  "data_fourier_5_coef_bspline_5": 279.3675376489729,
  "data_fourier_5_coef_bspline_7": 279.3675376489731,
  "data_fourier_5_coef_bspline_9": 279.3675376489737,
  "data_fourier_5_coef_fourier_5": 279.3675376489733,
  "data_fourier_5_coef_fourier_7": 279.36753764897327,
  "data_fourier_5_coef_fourier_9": 279.3675376489732,
  "data_fourier_7_coef_bspline_5": 277.47538747002017,
  "data_fourier_7_coef_bspline_7": 283.0338892810653,
  "data_fourier_7_coef_bspline_9": 283.033889279004,
  "data_fourier_7_coef_fourier_5": 279.32040358159196,
  "data_fourier_7_coef_fourier_7": 283.0338892810656,
  "data_fourier_7_coef_fourier_9": 283.0338892810655,
  "data_fourier_9_coef_bspline_5": 278.1518321702718,
  "data_fourier_9_coef_bspline_7": 281.2228502027362,
  "data_fourier_9_coef_bspline_9": 281.4559036029121,
  "data_fourier_9_coef_fourier_5": 279.3619325441151,
  "data_fourier_9_coef_fourier_7": 283.0143939248804,
  "data_fourier_9_coef_fourier_9": 281.4559036094573
}