{
  "raw_7_lr0.05": 0.3120521903038025,
  "fpcs_7_data_bspline_11_component_fourier_15_lr_0.062": 0.3185347696145376,
  "fpcs_7_data_fourier_11_component_bspline_11_lr_0.01": 0.31530016660690313,
  "fpcs_7_data_bspline_9_component_bspline_19_lr_0.081": 0.32798309723536173,
  "fpcs_7_data_bspline_9_component_bspline_15_lr_0.063": 0.3227773626645406,
  "fpcs_7_data_bspline_9_component_bspline_19_lr_0.019": 0.33147559364636736,
  "fpcs_7_data_fourier_9_component_bspline_11_lr_0.099": 0.32701280911763514,
  "fpcs_7_data_fourier_15_component_bspline_9_lr_0.085": 0.32292693456014,
  "fpcs_7_data_bspline_15_component_bspline_9_lr_0.027": 0.322152582804362,
  "fpcs_7_data_fourier_11_component_fourier_19_lr_0.009": 0.3117099404335022,
  "fpcs_7_data_fourier_19_component_fourier_11_lr_0.077": 0.30891071557998656,
  "fpcs_7_data_fourier_19_component_bspline_11_lr_0.018": 0.31534401377042137,
  "fpcs_7_data_bspline_15_component_bspline_11_lr_0.005": 0.32100772857666016,
  "fpcs_7_data_bspline_19_component_bspline_19_lr_0.071": 0.32278465429941816,
  "fpcs_7_data_bspline_15_component_fourier_11_lr_0.033": 0.3150855402151744,
  "fpcs_7_data_bspline_15_component_bspline_19_lr_0.016": 0.307937079668045,
  "fpcs_7_data_fourier_11_component_bspline_9_lr_0.07": 0.3243408262729645,
  "fpcs_7_data_fourier_9_component_fourier_11_lr_0.084": 0.31604695518811543,
  "fpcs_7_data_bspline_9_component_bspline_15_lr_0.024": 0.32514458894729614,
  "fpcs_7_data_bspline_15_component_fourier_15_lr_0.083": 0.3182335615158081,
  "fpcs_7_data_fourier_9_component_bspline_11_lr_0.07": 0.3191950221856435,
  "fpcs_7_data_bspline_9_component_bspline_11_lr_0.055": 0.32606419920921326,
  "fpcs_7_data_fourier_19_component_fourier_9_lr_0.1": 0.32147065599759417,
  "fpcs_7_data_fourier_15_component_fourier_15_lr_0.017": 0.3139208396275838,
  "fpcs_7_data_bspline_11_component_bspline_11_lr_0.04": 0.3237051030000051,
  "fpcs_7_data_fourier_9_component_fourier_15_lr_0.096": 0.31584725181261697,
  "fpcs_7_data_fourier_11_component_fourier_19_lr_0.02": 0.31682292421658836,
  "fpcs_7_data_bspline_9_component_fourier_15_lr_0.08": 0.3188963750998179,
  "fpcs_7_data_bspline_11_component_bspline_9_lr_0.074": 0.3244052072366079,
  "fpcs_7_data_fourier_11_component_fourier_11_lr_0.077": 0.31745889981587727,
  "fpcs_7_data_bspline_11_component_bspline_15_lr_0.018": 0.3161957800388336,
  "fpcs_7_data_fourier_11_component_fourier_11_lr_0.016": 0.31299800078074136,
  "fpcs_7_data_fourier_19_component_bspline_9_lr_0.011": 0.31437847216924025,
  "fpcs_7_data_bspline_9_component_fourier_19_lr_0.031": 0.3220235447088877,
  "fpcs_7_data_bspline_11_component_bspline_11_lr_0.078": 0.3384521941343943,
  "fpcs_7_data_fourier_19_component_bspline_15_lr_0.097": 0.3193903307120005,
  "fpcs_7_data_bspline_11_component_bspline_19_lr_0.085": 0.3230932831764221,
  "fpcs_7_data_fourier_19_component_fourier_9_lr_0.005": 0.3181164383888244,
  "fpcs_7_data_bspline_11_component_fourier_15_lr_0.04": 0.3303000966707866,
  "fpcs_7_data_fourier_15_component_bspline_9_lr_0.07": 0.3227372686068217,
  "fpcs_7_data_fourier_11_component_bspline_9_lr_0.015": 0.32201655904452003,
  "fpcs_7_data_bspline_15_component_fourier_19_lr_0.08": 0.3074789961179098,
  "fpcs_7_data_fourier_15_component_bspline_19_lr_0.068": 0.31111161708831786,
  "fpcs_7_data_bspline_11_component_fourier_11_lr_0.02": 0.3099508663018545,
  "fpcs_7_data_bspline_11_component_fourier_19_lr_0.052": 0.32842053373654684,
  "fpcs_7_data_fourier_15_component_fourier_15_lr_0.027": 0.32611427108446756,
  "fpcs_7_data_fourier_19_component_fourier_9_lr_0.01": 0.31623810132344565,
  "fpcs_7_data_fourier_11_component_bspline_11_lr_0.056": 0.32626750071843463,
  "fpcs_7_data_bspline_19_component_bspline_11_lr_0.041": 0.32064266999562585,
  "fpcs_7_data_bspline_19_component_fourier_11_lr_0.084": 0.3238094906012217,
  "fpcs_7_data_bspline_11_component_bspline_11_lr_0.083": 0.3251892427603404,
  "raw_9_lr0.05": 0.33763822118441267,
  "fpcs_9_data_bspline_11_component_fourier_15_lr_0.062": 0.34477577805519105,
  "fpcs_9_data_fourier_11_component_bspline_11_lr_0.01": 0.3474409778912862,
  "fpcs_9_data_bspline_9_component_bspline_19_lr_0.081": 0.338998266061147,
  "fpcs_9_data_bspline_9_component_bspline_15_lr_0.063": 0.3315731167793274,
  "fpcs_9_data_bspline_9_component_bspline_19_lr_0.019": 0.34154707988103233,
  "fpcs_9_data_fourier_9_component_bspline_11_lr_0.099": 0.3355266074339549,
  "fpcs_9_data_fourier_15_component_bspline_9_lr_0.085": 0.3356227238972982,
  "fpcs_9_data_bspline_15_component_bspline_9_lr_0.027": 0.32881501118342077,
  "fpcs_9_data_fourier_11_component_fourier_19_lr_0.009": 0.3238615175088247,
  "fpcs_9_data_fourier_19_component_fourier_11_lr_0.077": 0.3330600082874298,
  "fpcs_9_data_fourier_19_component_bspline_11_lr_0.018": 0.3338032563527425,
  "fpcs_9_data_bspline_15_component_bspline_11_lr_0.005": 0.34752216339111336,
  "fpcs_9_data_bspline_19_component_bspline_19_lr_0.071": 0.32550293803215025,
  "fpcs_9_data_bspline_15_component_fourier_11_lr_0.033": 0.3300780296325683,
  "fpcs_9_data_bspline_15_component_bspline_19_lr_0.016": 0.33721547325452167,
  "fpcs_9_data_fourier_11_component_bspline_9_lr_0.07": 0.3441973268985748,
  "fpcs_9_data_fourier_9_component_fourier_11_lr_0.084": 0.33331075708071395,
  "fpcs_9_data_bspline_9_component_bspline_15_lr_0.024": 0.34809749126434325,
  "fpcs_9_data_bspline_15_component_fourier_15_lr_0.083": 0.3262846052646637,
  "fpcs_9_data_fourier_9_component_bspline_11_lr_0.07": 0.33596494197845456,
  "fpcs_9_data_bspline_9_component_bspline_11_lr_0.055": 0.34801871180534366,
  "fpcs_9_data_fourier_19_component_fourier_9_lr_0.1": 0.3403679649035136,
  "fpcs_9_data_fourier_15_component_fourier_15_lr_0.017": 0.3348625342051188,
  "fpcs_9_data_bspline_11_component_bspline_11_lr_0.04": 0.3373417297999064,
  "fpcs_9_data_fourier_9_component_fourier_15_lr_0.096": 0.33965459664662684,
  "fpcs_9_data_fourier_11_component_fourier_19_lr_0.02": 0.3263878345489502,
  "fpcs_9_data_bspline_9_component_fourier_15_lr_0.08": 0.336990088224411,
  "fpcs_9_data_bspline_11_component_bspline_9_lr_0.074": 0.3604089518388112,
  "fpcs_9_data_fourier_11_component_fourier_11_lr_0.077": 0.3379634459813436,
  "fpcs_9_data_bspline_11_component_bspline_15_lr_0.018": 0.3392364005247752,
  "fpcs_9_data_fourier_11_component_fourier_11_lr_0.016": 0.32523499727249144,
  "fpcs_9_data_fourier_19_component_bspline_9_lr_0.011": 0.3484756708145141,
  "fpcs_9_data_bspline_9_component_fourier_19_lr_0.031": 0.3462458113829295,
  "fpcs_9_data_bspline_11_component_bspline_11_lr_0.078": 0.34371925989786783,
  "fpcs_9_data_fourier_19_component_bspline_15_lr_0.097": 0.3340150515238444,
  "fpcs_9_data_bspline_11_component_bspline_19_lr_0.085": 0.32437831958134966,
  "fpcs_9_data_fourier_19_component_fourier_9_lr_0.005": 0.3344142496585845,
  "fpcs_9_data_bspline_11_component_fourier_15_lr_0.04": 0.3409211893876394,
  "fpcs_9_data_fourier_15_component_bspline_9_lr_0.07": 0.34523123105367026,
  "fpcs_9_data_fourier_11_component_bspline_9_lr_0.015": 0.34428436756134034,
  "fpcs_9_data_bspline_15_component_fourier_19_lr_0.08": 0.3345048467318217,
  "fpcs_9_data_fourier_15_component_bspline_19_lr_0.068": 0.33517716129620867,
  "fpcs_9_data_bspline_11_component_fourier_11_lr_0.02": 0.3420507311820984,
  "fpcs_9_data_bspline_11_component_fourier_19_lr_0.052": 0.3363334695498148,
  "fpcs_9_data_fourier_15_component_fourier_15_lr_0.027": 0.3350899855295817,
  "fpcs_9_data_fourier_19_component_fourier_9_lr_0.01": 0.329055243730545,
  "fpcs_9_data_fourier_11_component_bspline_11_lr_0.056": 0.33786815206209814,
  "fpcs_9_data_bspline_19_component_bspline_11_lr_0.041": 0.3397561768690745,
  "fpcs_9_data_bspline_19_component_fourier_11_lr_0.084": 0.33980274796485904,
  "fpcs_9_data_bspline_11_component_bspline_11_lr_0.083": 0.3354779462019602
}