{
  "raw_7_lr0.05": 0.24472812314828238,
  "fpcs_7_data_fourier_19_component_fourier_19_lr_0.02": 0.29584904114405314,
  "fpcs_7_data_bspline_9_component_fourier_11_lr_0.03": 0.23344178100426993,
  "fpcs_7_data_fourier_19_component_bspline_11_lr_0.049": 0.2688398947318395,
  "fpcs_7_data_bspline_9_component_bspline_19_lr_0.045": 0.2417348762353261,
  "fpcs_7_data_bspline_11_component_fourier_15_lr_0.099": 0.2586254040400187,
  "fpcs_7_data_fourier_9_component_fourier_11_lr_0.066": 0.26760305762290953,
  "fpcs_7_data_bspline_19_component_fourier_15_lr_0.042": 0.20750078558921814,
  "fpcs_7_data_fourier_15_component_bspline_11_lr_0.023": 0.24214968184630078,
  "fpcs_7_data_bspline_11_component_bspline_15_lr_0.08": 0.24193300803502402,
  "fpcs_7_data_bspline_9_component_fourier_19_lr_0.077": 0.2972526619831721,
  "fpcs_7_data_fourier_9_component_fourier_11_lr_0.08": 0.27023438215255735,
  "fpcs_7_data_bspline_19_component_fourier_15_lr_0.059": 0.19600448608398438,
  "fpcs_7_data_fourier_11_component_fourier_15_lr_0.024": 0.29683134555816654,
  "fpcs_7_data_fourier_11_component_bspline_19_lr_0.094": 0.2827781349420548,
  "fpcs_7_data_fourier_19_component_bspline_11_lr_0.053": 0.23536753753821057,
  "fpcs_7_data_fourier_11_component_bspline_15_lr_0.097": 0.2625441938638687,
  "fpcs_7_data_fourier_9_component_bspline_15_lr_0.06": 0.2603159000476201,
  "fpcs_7_data_bspline_15_component_fourier_15_lr_0.027": 0.21270971248547235,
  "fpcs_7_data_bspline_19_component_fourier_15_lr_0.057": 0.1961067815621694,
  "fpcs_7_data_bspline_9_component_bspline_15_lr_0.022": 0.25504631201426187,
  "fpcs_7_data_bspline_15_component_bspline_9_lr_0.027": 0.26983024974664055,
  "fpcs_7_data_fourier_19_component_fourier_19_lr_0.081": 0.24129435420036316,
  "fpcs_7_data_fourier_9_component_fourier_19_lr_0.062": 0.2503474742174148,
  "fpcs_7_data_bspline_19_component_bspline_9_lr_0.028": 0.24178511798381805,
  "fpcs_7_data_fourier_11_component_bspline_15_lr_0.088": 0.26675832966963453,
  "fpcs_7_data_fourier_19_component_fourier_11_lr_0.089": 0.259238001704216,
  "fpcs_7_data_fourier_19_component_bspline_15_lr_0.042": 0.20126155515511832,
  "fpcs_7_data_bspline_15_component_fourier_19_lr_0.015": 0.23174998064835864,
  "fpcs_7_data_bspline_11_component_bspline_11_lr_0.068": 0.2632137636343638,
  "fpcs_7_data_fourier_11_component_bspline_9_lr_0.08": 0.257854833205541,
  "fpcs_7_data_bspline_15_component_bspline_11_lr_0.037": 0.25496330360571545,
  "fpcs_7_data_bspline_19_component_bspline_9_lr_0.001": 0.29536861677964527,
  "fpcs_7_data_bspline_11_component_bspline_19_lr_0.024": 0.26079648137092587,
  "fpcs_7_data_bspline_9_component_bspline_11_lr_0.033": 0.2692724853754043,
  "fpcs_7_data_bspline_9_component_bspline_15_lr_0.083": 0.2458178818225861,
  "fpcs_7_data_fourier_15_component_bspline_15_lr_0.039": 0.22320622652769093,
  "fpcs_7_data_fourier_9_component_fourier_11_lr_0.067": 0.2616373777389526,
  "fpcs_7_data_fourier_15_component_bspline_15_lr_0.084": 0.1994117240111033,
  "fpcs_7_data_bspline_11_component_fourier_11_lr_0.044": 0.2495511452356974,
  "fpcs_7_data_bspline_11_component_fourier_19_lr_0.047": 0.24024606347084046,
  "fpcs_7_data_bspline_19_component_fourier_11_lr_0.035": 0.2917271067698797,
  "fpcs_7_data_bspline_11_component_fourier_15_lr_0.08": 0.2333259741465251,
  "fpcs_7_data_bspline_9_component_fourier_15_lr_0.015": 0.26683466335137684,
  "fpcs_7_data_fourier_15_component_bspline_19_lr_0.08": 0.19654016147057218,
  "fpcs_7_data_fourier_19_component_bspline_9_lr_0.038": 0.2791037370761235,
  "fpcs_7_data_bspline_11_component_fourier_19_lr_0.005": 0.2604363838831584,
  "fpcs_7_data_bspline_19_component_fourier_11_lr_0.037": 0.280203577876091,
  "fpcs_7_data_bspline_15_component_fourier_11_lr_0.081": 0.2942226757605871,
  "fpcs_7_data_bspline_11_component_bspline_19_lr_0.065": 0.24976688623428345,
  "fpcs_7_data_bspline_15_component_fourier_19_lr_0.037": 0.22928267220656076,
  "raw_9_lr0.05": 0.27826221982638044,
  "fpcs_9_data_fourier_19_component_fourier_19_lr_0.02": 0.20432356894016265,
  "fpcs_9_data_bspline_9_component_fourier_11_lr_0.03": 0.24851560493310296,
  "fpcs_9_data_fourier_19_component_bspline_11_lr_0.049": 0.28164744575818385,
  "fpcs_9_data_bspline_9_component_bspline_19_lr_0.045": 0.23152984579404193,
  "fpcs_9_data_bspline_11_component_fourier_15_lr_0.099": 0.24866152803103128,
  "fpcs_9_data_fourier_9_component_fourier_11_lr_0.066": 0.27608092228571574,
  "fpcs_9_data_bspline_19_component_fourier_15_lr_0.042": 0.22272327293952307,
  "fpcs_9_data_fourier_15_component_bspline_11_lr_0.023": 0.2537338177363078,
  "fpcs_9_data_bspline_11_component_bspline_15_lr_0.08": 0.25521592100461327,
  "fpcs_9_data_bspline_9_component_fourier_19_lr_0.077": 0.25730877518653866,
  "fpcs_9_data_fourier_9_component_fourier_11_lr_0.08": 0.25478077530860904,
  "fpcs_9_data_bspline_19_component_fourier_15_lr_0.059": 0.19778952995936075,
  "fpcs_9_data_fourier_11_component_fourier_15_lr_0.024": 0.29200918873151144,
  "fpcs_9_data_fourier_11_component_bspline_19_lr_0.094": 0.2908200820287069,
  "fpcs_9_data_fourier_19_component_bspline_11_lr_0.053": 0.27533735036849977,
  "fpcs_9_data_fourier_11_component_bspline_15_lr_0.097": 0.29576201339562735,
  "fpcs_9_data_fourier_9_component_bspline_15_lr_0.06": 0.2624962240457535,
  "fpcs_9_data_bspline_15_component_fourier_15_lr_0.027": 0.17999789267778396,
  "fpcs_9_data_bspline_19_component_fourier_15_lr_0.057": 0.1882924348115921,
  "fpcs_9_data_bspline_9_component_bspline_15_lr_0.022": 0.26643747289975483,
  "fpcs_9_data_bspline_15_component_bspline_9_lr_0.027": 0.23510538736979167,
  "fpcs_9_data_fourier_19_component_fourier_19_lr_0.081": 0.21204441487789152,
  "fpcs_9_data_fourier_9_component_fourier_19_lr_0.062": 0.2865069995323817,
  "fpcs_9_data_bspline_19_component_bspline_9_lr_0.028": 0.23759165902932486,
  "fpcs_9_data_fourier_11_component_bspline_15_lr_0.088": 0.2817432850599289,
  "fpcs_9_data_fourier_19_component_fourier_11_lr_0.089": 0.2883668184280396,
  "fpcs_9_data_fourier_19_component_bspline_15_lr_0.042": 0.18452428976694743,
  "fpcs_9_data_bspline_15_component_fourier_19_lr_0.015": 0.20226650486389797,
  "fpcs_9_data_bspline_11_component_bspline_11_lr_0.068": 0.2637985746065776,
  "fpcs_9_data_fourier_11_component_bspline_9_lr_0.08": 0.2558972249428431,
  "fpcs_9_data_bspline_15_component_bspline_11_lr_0.037": 0.22657012641429905,
  "fpcs_9_data_bspline_19_component_bspline_9_lr_0.001": 0.2903143624464671,
  "fpcs_9_data_bspline_11_component_bspline_19_lr_0.024": 0.23977218866348268,
  "fpcs_9_data_bspline_9_component_bspline_11_lr_0.033": 0.2337385098139445,
  "fpcs_9_data_bspline_9_component_bspline_15_lr_0.083": 0.2611576586961746,
  "fpcs_9_data_fourier_15_component_bspline_15_lr_0.039": 0.1939957787593206,
  "fpcs_9_data_fourier_9_component_fourier_11_lr_0.067": 0.23989266753196717,
  "fpcs_9_data_fourier_15_component_bspline_15_lr_0.084": 0.18285514215628304,
  "fpcs_9_data_bspline_11_component_fourier_11_lr_0.044": 0.25852198898792267,
  "fpcs_9_data_bspline_11_component_fourier_19_lr_0.047": 0.24469577173391976,
  "fpcs_9_data_bspline_19_component_fourier_11_lr_0.035": 0.3288225362698237,
  "fpcs_9_data_bspline_11_component_fourier_15_lr_0.08": 0.24000005424022675,
  "fpcs_9_data_bspline_9_component_fourier_15_lr_0.015": 0.25777725080649055,
  "fpcs_9_data_fourier_15_component_bspline_19_lr_0.08": 0.17971767832835517,
  "fpcs_9_data_fourier_19_component_bspline_9_lr_0.038": 0.247547435760498,
  "fpcs_9_data_bspline_11_component_fourier_19_lr_0.005": 0.26251675685246784,
  "fpcs_9_data_bspline_19_component_fourier_11_lr_0.037": 0.2874775727589925,
  "fpcs_9_data_bspline_15_component_fourier_11_lr_0.081": 0.2835958967606227,
  "fpcs_9_data_bspline_11_component_bspline_19_lr_0.065": 0.2304300308227539,
  "fpcs_9_data_bspline_15_component_fourier_19_lr_0.037": 0.19265349209308624
}