{
  "raw_7_lr0.05": 0.006385043760140738,
  "fpca_7_data_bspline_9_component_fourier_9_lr_0.008": 0.006649919785559177,
  "fpca_7_data_bspline_19_component_fourier_11_lr_0.006": 0.0060953901770214244,
  "fpca_7_data_bspline_15_component_bspline_11_lr_0.038": 0.006166561879217624,
  "fpca_7_data_bspline_19_component_fourier_11_lr_0.096": 0.0065113506590326635,
  "fpca_7_data_bspline_11_component_bspline_9_lr_0.023": 0.006195031820485989,
  "fpca_7_data_bspline_19_component_fourier_15_lr_0.06": 0.006111333146691322,
  "fpca_7_data_fourier_15_component_fourier_15_lr_0.026": 0.006175859893361728,
  "fpca_7_data_fourier_9_component_fourier_9_lr_0.032": 0.006767456435287992,
  "fpca_7_data_fourier_19_component_fourier_11_lr_0.018": 0.006091052293777465,
  "fpca_7_data_fourier_19_component_fourier_9_lr_0.003": 0.007347202983995278,
  "fpca_7_data_bspline_19_component_bspline_19_lr_0.085": 0.007295831944793464,
  "fpca_7_data_bspline_19_component_fourier_11_lr_0.045": 0.006183878208200137,
  "fpca_7_data_bspline_11_component_bspline_15_lr_0.076": 0.0065944653004407884,
  "fpca_7_data_fourier_19_component_fourier_11_lr_0.043": 0.006378251127898693,
  "fpca_7_data_bspline_19_component_bspline_15_lr_0.043": 0.005988602743794521,
  "fpca_7_data_bspline_11_component_bspline_15_lr_0.006": 0.006504917051643133,
  "fpca_7_data_fourier_9_component_fourier_15_lr_0.045": 0.006372667104005814,
  "fpca_7_data_bspline_9_component_fourier_11_lr_0.017": 0.006161332316696643,
  "fpca_7_data_fourier_11_component_fourier_11_lr_0.076": 0.0064429740111033125,
  "fpca_7_data_fourier_19_component_fourier_11_lr_0.058": 0.00624793916940689,
  "fpca_7_data_fourier_11_component_fourier_19_lr_0.031": 0.006182123627513647,
  "fpca_7_data_fourier_15_component_fourier_9_lr_0.073": 0.007050295360386372,
  "fpca_7_data_fourier_19_component_fourier_9_lr_0.067": 0.006685427048554023,
  "fpca_7_data_fourier_11_component_bspline_11_lr_0.065": 0.0072420262110730015,
  "fpca_7_data_bspline_19_component_bspline_15_lr_0.033": 0.006368979594359795,
  "fpca_7_data_fourier_15_component_bspline_11_lr_0.087": 0.006883816141635179,
  "fpca_7_data_bspline_11_component_fourier_19_lr_0.03": 0.0064940413770576315,
  "fpca_7_data_fourier_15_component_bspline_9_lr_0.069": 0.006926174120356639,
  "fpca_7_data_bspline_11_component_fourier_11_lr_0.051": 0.006174480511496464,
  "fpca_7_data_bspline_19_component_bspline_9_lr_0.093": 0.006414951632420222,
  "fpca_7_data_fourier_9_component_bspline_9_lr_0.097": 0.0069265044294297695,
  "fpca_7_data_bspline_15_component_bspline_15_lr_0.052": 0.006154038229336342,
  "fpca_7_data_fourier_11_component_fourier_19_lr_0.086": 0.006485540792346,
  "fpca_7_data_bspline_9_component_fourier_15_lr_0.046": 0.006323374373217423,
  "fpca_7_data_fourier_19_component_bspline_19_lr_0.037": 0.006096308212727309,
  "fpca_7_data_fourier_15_component_fourier_15_lr_0.07": 0.00665040435269475,
  "fpca_7_data_fourier_19_component_fourier_9_lr_0.027": 0.006462864888211091,
  "fpca_7_data_fourier_19_component_fourier_15_lr_0.093": 0.0061718031143148736,
  "fpca_7_data_bspline_15_component_fourier_11_lr_0.09": 0.0069974432699382305,
  "fpca_7_data_fourier_15_component_bspline_9_lr_0.054": 0.006326761841773987,
  "fpca_7_data_fourier_11_component_bspline_15_lr_0.01": 0.0062471149799724415,
  "fpca_7_data_fourier_15_component_bspline_15_lr_0.051": 0.006592797394841909,
  "fpca_7_data_fourier_19_component_fourier_9_lr_0.071": 0.006542910169810057,
  "fpca_7_data_bspline_15_component_bspline_19_lr_0.072": 0.006102223958199223,
  "fpca_7_data_bspline_11_component_bspline_11_lr_0.043": 0.006289987700680892,
  "fpca_7_data_bspline_9_component_fourier_19_lr_0.068": 0.006642802587399879,
  "fpca_7_data_bspline_19_component_fourier_19_lr_0.085": 0.008750891468177239,
  "fpca_7_data_bspline_15_component_fourier_11_lr_0.096": 0.006416913246115048,
  "fpca_7_data_fourier_11_component_fourier_19_lr_0.062": 0.006536482367664576,
  "fpca_7_data_fourier_9_component_fourier_11_lr_0.044": 0.006224659333626429,
  "raw_9_lr0.05": 0.006598410724351803,
  "fpca_9_data_bspline_9_component_fourier_9_lr_0.008": 0.006863005459308624,
  "fpca_9_data_bspline_19_component_fourier_11_lr_0.006": 0.006580695385734241,
  "fpca_9_data_bspline_15_component_bspline_11_lr_0.038": 0.006631140317767859,
  "fpca_9_data_bspline_19_component_fourier_11_lr_0.096": 0.0077960639881590995,
  "fpca_9_data_bspline_11_component_bspline_9_lr_0.023": 0.005924772098660468,
  "fpca_9_data_bspline_19_component_fourier_15_lr_0.06": 0.00721242039774855,
  "fpca_9_data_fourier_15_component_fourier_15_lr_0.026": 0.00617561818410953,
  "fpca_9_data_fourier_9_component_fourier_9_lr_0.032": 0.006620243998865287,
  "fpca_9_data_fourier_19_component_fourier_11_lr_0.018": 0.0066325609572231775,
  "fpca_9_data_fourier_19_component_fourier_9_lr_0.003": 0.007630234522124131,
  "fpca_9_data_bspline_19_component_bspline_19_lr_0.085": 0.007437692054857811,
  "fpca_9_data_bspline_19_component_fourier_11_lr_0.045": 0.006581594763944546,
  "fpca_9_data_bspline_11_component_bspline_15_lr_0.076": 0.006522969342768192,
  "fpca_9_data_fourier_19_component_fourier_11_lr_0.043": 0.006584013036141793,
  "fpca_9_data_bspline_19_component_bspline_15_lr_0.043": 0.006516615735987823,
  "fpca_9_data_bspline_11_component_bspline_15_lr_0.006": 0.006659917952492833,
  "fpca_9_data_fourier_9_component_fourier_15_lr_0.045": 0.0064923574527104705,
  "fpca_9_data_bspline_9_component_fourier_11_lr_0.017": 0.006242243076364199,
  "fpca_9_data_fourier_11_component_fourier_11_lr_0.076": 0.0072125401347875595,
  "fpca_9_data_fourier_19_component_fourier_11_lr_0.058": 0.006304997950792313,
  "fpca_9_data_fourier_11_component_fourier_19_lr_0.031": 0.00671633587529262,
  "fpca_9_data_fourier_15_component_fourier_9_lr_0.073": 0.007426592552413544,
  "fpca_9_data_fourier_19_component_fourier_9_lr_0.067": 0.007054849589864414,
  "fpca_9_data_fourier_11_component_bspline_11_lr_0.065": 0.006784408011784156,
  "fpca_9_data_bspline_19_component_bspline_15_lr_0.033": 0.006377496477216482,
  "fpca_9_data_fourier_15_component_bspline_11_lr_0.087": 0.007578014147778352,
  "fpca_9_data_bspline_11_component_fourier_19_lr_0.03": 0.005928553485622008,
  "fpca_9_data_fourier_15_component_bspline_9_lr_0.069": 0.0069770524588723985,
  "fpca_9_data_bspline_11_component_fourier_11_lr_0.051": 0.006533265424271424,
  "fpca_9_data_bspline_19_component_bspline_9_lr_0.093": 0.007129657237480084,
  "fpca_9_data_fourier_9_component_bspline_9_lr_0.097": 0.007499014120548964,
  "fpca_9_data_bspline_15_component_bspline_15_lr_0.052": 0.0064741102668146285,
  "fpca_9_data_fourier_11_component_fourier_19_lr_0.086": 0.006480397625515858,
  "fpca_9_data_bspline_9_component_fourier_15_lr_0.046": 0.00654628798365593,
  "fpca_9_data_fourier_19_component_bspline_19_lr_0.037": 0.006169612519443035,
  "fpca_9_data_fourier_15_component_fourier_15_lr_0.07": 0.0066420286738624185,
  "fpca_9_data_fourier_19_component_fourier_9_lr_0.027": 0.006915067850301664,
  "fpca_9_data_fourier_19_component_fourier_15_lr_0.093": 0.006865072716027498,
  "fpca_9_data_bspline_15_component_fourier_11_lr_0.09": 0.007350679486989975,
  "fpca_9_data_fourier_15_component_bspline_9_lr_0.054": 0.006457327678799629,
  "fpca_9_data_fourier_11_component_bspline_15_lr_0.01": 0.00656887823715806,
  "fpca_9_data_fourier_15_component_bspline_15_lr_0.051": 0.006220012033979098,
  "fpca_9_data_fourier_19_component_fourier_9_lr_0.071": 0.007001480491211017,
  "fpca_9_data_bspline_15_component_bspline_19_lr_0.072": 0.006838787999004126,
  "fpca_9_data_bspline_11_component_bspline_11_lr_0.043": 0.006290907599031926,
  "fpca_9_data_bspline_9_component_fourier_19_lr_0.068": 0.006703660264611244,
  "fpca_9_data_bspline_19_component_fourier_19_lr_0.085": 0.006756346859037876,
  "fpca_9_data_bspline_15_component_fourier_11_lr_0.096": 0.007158191750446956,
  "fpca_9_data_fourier_11_component_fourier_19_lr_0.062": 0.006707422404239574,