{
  "data_bspline_5_coef_bspline_5": 0.22592631671374944,
  "data_bspline_5_coef_bspline_7": 0.22592631671374847,
  "data_bspline_5_coef_bspline_9": 0.22592631671374877,
  "data_bspline_5_coef_fourier_5": 0.2259263167137487,
  "data_bspline_5_coef_fourier_7": 0.22592631671374885,
  "data_bspline_5_coef_fourier_9": 0.22592631671374924,
  "data_bspline_7_coef_bspline_5": 0.22571862770378343,
  "data_bspline_7_coef_bspline_7": 0.22508417181549198,
  "data_bspline_7_coef_bspline_9": 0.22508417181549173,
  "data_bspline_7_coef_fourier_5": 0.2220136344974876,
  "data_bspline_7_coef_fourier_7": 0.22508417181549176,
  "data_bspline_7_coef_fourier_9": 0.22508417181549226,
  "data_bspline_9_coef_bspline_5": 0.22579431269459932,
  "data_bspline_9_coef_bspline_7": 0.22519827337886014,
  "data_bspline_9_coef_bspline_9": 0.2278458827659658,
  "data_bspline_9_coef_fourier_5": 0.22244286970725885,
  "data_bspline_9_coef_fourier_7": 0.22553206917779392,
  "data_bspline_9_coef_fourier_9": 0.22784588276596435,
  "data_fourier_5_coef_bspline_5": 0.2224057829996895,
  "data_fourier_5_coef_bspline_7": 0.22240578299968988,
  "data_fourier_5_coef_bspline_9": 0.22240578299968897,
  "data_fourier_5_coef_fourier_5": 0.22240578299968977,
  "data_fourier_5_coef_fourier_7": 0.22240578299968966,
  "data_fourier_5_coef_fourier_9": 0.22240578299968963,
  "data_fourier_7_coef_bspline_5": 0.22377027111809097,
  "data_fourier_7_coef_bspline_7": 0.22650028145070827,
  "data_fourier_7_coef_bspline_9": 0.22650028145070777,
  "data_fourier_7_coef_fourier_5": 0.2223739377375205,
  "data_fourier_7_coef_fourier_7": 0.22650028145070783,
  "data_fourier_7_coef_fourier_9": 0.2265002814507079,
  "data_fourier_9_coef_bspline_5": 0.22385442154267987,
  "data_fourier_9_coef_bspline_7": 0.22521530938673076,
  "data_fourier_9_coef_bspline_9": 0.22959481141314728,
  "data_fourier_9_coef_fourier_5": 0.2223789871549405,
  "data_fourier_9_coef_fourier_7": 0.22650945589016688,
  "data_fourier_9_coef_fourier_9": 0.22959481141314608
}