{
  "data_bspline_5_coef_bspline_5": 0.25717872560801774,
  "data_bspline_5_coef_bspline_7": 0.25717872560801636,
  "data_bspline_5_coef_bspline_9": 0.25717872560356203,
  "data_bspline_5_coef_fourier_5": 0.257178725608015,
  "data_bspline_5_coef_fourier_7": 0.2571787256080157,
  "data_bspline_5_coef_fourier_9": 0.2571787256080155,
  "data_bspline_7_coef_bspline_5": 0.25888562688820055,
  "data_bspline_7_coef_bspline_7": 0.2976116029548611,
  "data_bspline_7_coef_bspline_9": 0.297611602935281,
  "data_bspline_7_coef_fourier_5": 0.26958337843812064,
  "data_bspline_7_coef_fourier_7": 0.29761160295486944,
  "data_bspline_7_coef_fourier_9": 0.29761160295487066,
  "data_bspline_9_coef_bspline_5": 0.2601068950913994,
  "data_bspline_9_coef_bspline_7": 0.2901748878756808,
  "data_bspline_9_coef_bspline_9": 0.329323579769032,
  "data_bspline_9_coef_fourier_5": 0.2628865249580325,
  "data_bspline_9_coef_fourier_7": 0.27864357955112745,
  "data_bspline_9_coef_fourier_9": 0.32932357842535986,
  "data_fourier_5_coef_bspline_5": 0.26347136009140554,
  "data_fourier_5_coef_bspline_7": 0.2634713600914038,
  "data_fourier_5_coef_bspline_9": 0.26347136009694194,
  "data_fourier_5_coef_fourier_5": 0.26347136009140437,
  "data_fourier_5_coef_fourier_7": 0.26347136009140504,
  "data_fourier_5_coef_fourier_9": 0.2634713600914047,
  "data_fourier_7_coef_bspline_5": 0.2664676877429373,
  "data_fourier_7_coef_bspline_7": 0.27324443835795814,
  "data_fourier_7_coef_bspline_9": 0.2732444383437448,
  "data_fourier_7_coef_fourier_5": 0.2637191822065952,
  "data_fourier_7_coef_fourier_7": 0.27324443835795775,
  "data_fourier_7_coef_fourier_9": 0.2732444383579587,
  "data_fourier_9_coef_bspline_5": 0.2735924823624451,
  "data_fourier_9_coef_bspline_7": 0.32944137531650874,
  "data_fourier_9_coef_bspline_9": 0.34936476060892524,
  "data_fourier_9_coef_fourier_5": 0.263817726340854,
  "data_fourier_9_coef_fourier_7": 0.27329096223137306,
  "data_fourier_9_coef_fourier_9": 0.34936476064148536
}