{
  "hat_nadarayawatson_bw_4.25_k_32_basis_fourier_n_9": 127.79915656097425,
  "hat_nadarayawatson_bw_17.37_k_32_basis_bspline_n_9": 154.31263646885225,
  "hat_kneighbors_bw_19.01_k_47_basis_fourier_n_15": 125.84238140969471,
  "hat_kneighbors_bw_4.74_k_23_basis_bspline_n_5": 108.70074793638841,
  "hat_nadarayawatson_bw_15.67_k_10_basis_fourier_n_9": 152.88076159438242,
  "hat_nadarayawatson_bw_15.02_k_47_basis_bspline_n_15": 152.2443164434399,
  "hat_nadarayawatson_bw_17.51_k_45_basis_fourier_n_7": 154.41733274455848,
  "hat_locallinear_bw_11.51_k_26_basis_fourier_n_15": 7.072633037101842,
  "hat_kneighbors_bw_15.27_k_32_basis_bspline_n_11": 121.65147305982994,
  "hat_locallinear_bw_18.22_k_27_basis_bspline_n_5": 23.17106084475189,
  "hat_kneighbors_bw_8.31_k_44_basis_bspline_n_11": 125.36899996390972,
  "hat_locallinear_bw_3.78_k_23_basis_bspline_n_5": 18.257481023618436,
  "hat_locallinear_bw_15.67_k_8_basis_bspline_n_15": 7.237308237844481,
  "hat_nadarayawatson_bw_14.67_k_17_basis_bspline_n_11": 151.8783134595336,
  "hat_nadarayawatson_bw_3.72_k_16_basis_bspline_n_9": 125.99960828228166,
  "hat_locallinear_bw_15.3_k_32_basis_bspline_n_9": 7.045965467747149,
  "hat_kneighbors_bw_16.12_k_12_basis_bspline_n_7": 90.34802500458696,
  "hat_kneighbors_bw_16.12_k_17_basis_fourier_n_7": 100.5197703904382,
  "hat_nadarayawatson_bw_18.85_k_47_basis_fourier_n_7": 155.33270674822367,
  "hat_nadarayawatson_bw_7.0_k_41_basis_bspline_n_9": 137.2715654933332,
  "hat_kneighbors_bw_3.72_k_13_basis_fourier_n_9": 92.38795917384431,
  "hat_nadarayawatson_bw_10.42_k_34_basis_bspline_n_7": 145.72499875583043,
  "hat_locallinear_bw_4.99_k_41_basis_bspline_n_15": 5.954169167584027,
  "hat_nadarayawatson_bw_17.37_k_36_basis_bspline_n_7": 154.31263646885225,
  "hat_kneighbors_bw_2.52_k_12_basis_bspline_n_9": 90.34802500458696,
  "hat_locallinear_bw_11.51_k_7_basis_fourier_n_5": 16.86902923392275,
  "hat_kneighbors_bw_15.02_k_42_basis_bspline_n_11": 125.51681156836773,
  "hat_locallinear_bw_18.78_k_5_basis_bspline_n_5": 23.231107458883262,
  "hat_kneighbors_bw_7.82_k_47_basis_bspline_n_9": 125.84238140969471,
  "hat_kneighbors_bw_18.01_k_27_basis_bspline_n_9": 114.25490166401042,
  "hat_locallinear_bw_19.01_k_12_basis_fourier_n_15": 7.512427883184516,
  "hat_nadarayawatson_bw_3.98_k_19_basis_fourier_n_11": 126.87796520741236,
  "hat_locallinear_bw_16.93_k_10_basis_fourier_n_5": 17.79907483710811,
  "hat_locallinear_bw_15.3_k_36_basis_fourier_n_7": 8.889528250351372,
  "hat_locallinear_bw_8.92_k_11_basis_bspline_n_11": 5.373048233486915,
  "hat_kneighbors_bw_9.7_k_32_basis_bspline_n_9": 121.65147305982994,
  "hat_nadarayawatson_bw_2.52_k_23_basis_bspline_n_11": 121.31107747369178,
  "hat_nadarayawatson_bw_17.23_k_47_basis_bspline_n_9": 154.2060836644973,
  "hat_locallinear_bw_5.07_k_45_basis_bspline_n_11": 4.7742705142881565,
  "hat_kneighbors_bw_3.98_k_25_basis_fourier_n_7": 111.4519804029173,
  "hat_kneighbors_bw_18.85_k_12_basis_bspline_n_15": 90.34802500458696,
  "hat_kneighbors_bw_7.82_k_16_basis_bspline_n_5": 97.50825512995897,
  "hat_kneighbors_bw_9.66_k_36_basis_bspline_n_11": 124.15582969649935,
  "hat_kneighbors_bw_10.62_k_40_basis_bspline_n_5": 124.76484477522379,
  "hat_nadarayawatson_bw_15.02_k_19_basis_bspline_n_9": 152.2443164434399,
  "hat_locallinear_bw_4.99_k_45_basis_fourier_n_7": 7.211885614885365,
  "hat_nadarayawatson_bw_4.62_k_16_basis_bspline_n_11": 129.0848626782753,
  "hat_kneighbors_bw_14.55_k_27_basis_bspline_n_9": 114.25490166401042,
  "hat_nadarayawatson_bw_4.74_k_14_basis_fourier_n_15": 129.50732373239083,
  "hat_kneighbors_bw_14.64_k_21_basis_bspline_n_5": 107.18833878196033
}