{
  "data_bspline_5_coef_bspline_5": 0.2686946719124031,
  "data_bspline_5_coef_bspline_7": 0.2686946719124049,
  "data_bspline_5_coef_bspline_9": 0.26869467191240554,
  "data_bspline_5_coef_fourier_5": 0.2686946719124042,
  "data_bspline_5_coef_fourier_7": 0.2686946719124047,
  "data_bspline_5_coef_fourier_9": 0.26869467191240376,
  "data_bspline_7_coef_bspline_5": 0.2690194552105474,
  "data_bspline_7_coef_bspline_7": 0.27496216281765784,
  "data_bspline_7_coef_bspline_9": 0.2749621628147847,
  "data_bspline_7_coef_fourier_5": 0.27357000876647575,
  "data_bspline_7_coef_fourier_7": 0.2749621628176566,
  "data_bspline_7_coef_fourier_9": 0.27496216281765723,
  "data_bspline_9_coef_bspline_5": 0.2690327938832457,
  "data_bspline_9_coef_bspline_7": 0.27532301368976064,
  "data_bspline_9_coef_bspline_9": 0.28047035597743275,
  "data_bspline_9_coef_fourier_5": 0.2752034793748838,
  "data_bspline_9_coef_fourier_7": 0.27473804213380076,
  "data_bspline_9_coef_fourier_9": 0.2804703559337899,
  "data_fourier_5_coef_bspline_5": 0.27477753757260204,
  "data_fourier_5_coef_bspline_7": 0.2747775375726005,
  "data_fourier_5_coef_bspline_9": 0.2747775375726007,
  "data_fourier_5_coef_fourier_5": 0.27477753757260115,
  "data_fourier_5_coef_fourier_7": 0.27477753757260104,
  "data_fourier_5_coef_fourier_9": 0.2747775375726006,
  "data_fourier_7_coef_bspline_5": 0.27208801095965246,
  "data_fourier_7_coef_bspline_7": 0.27431900063312964,
  "data_fourier_7_coef_bspline_9": 0.27431900063482,
  "data_fourier_7_coef_fourier_5": 0.2748273427252455,
  "data_fourier_7_coef_fourier_7": 0.27431900063313364,
  "data_fourier_7_coef_fourier_9": 0.27431900063313347,
  "data_fourier_9_coef_bspline_5": 0.2701227711993629,
  "data_fourier_9_coef_bspline_7": 0.27094099765963175,
  "data_fourier_9_coef_bspline_9": 0.2744324513535862,
  "data_fourier_9_coef_fourier_5": 0.2748781643039278,
  "data_fourier_9_coef_fourier_7": 0.27440456657604534,
  "data_fourier_9_coef_fourier_9": 0.2744324513535465
}
