{
  "hat_nadarayawatson_bw_0.03_k_8_basis_fourier_n_7": 0.012698180197231332,
  "hat_locallinear_bw_0.2_k_8_basis_bspline_n_11": 0.019245741912403243,
  "hat_locallinear_bw_0.97_k_9_basis_fourier_n_5": 0.006543276792439633,
  "hat_nadarayawatson_bw_0.27_k_9_basis_fourier_n_7": 0.0069671923489419505,
  "hat_locallinear_bw_0.08_k_14_basis_bspline_n_9": 0.07838303470961232,
  "hat_kneighbors_bw_0.08_k_19_basis_fourier_n_7": 0.00686277576448135,
  "hat_kneighbors_bw_0.27_k_12_basis_fourier_n_5": 0.007102707355272453,
  "hat_kneighbors_bw_0.08_k_8_basis_fourier_n_7": 0.007281150697417778,
  "hat_kneighbors_bw_0.2_k_19_basis_bspline_n_7": 0.00686277576448135,
  "hat_kneighbors_bw_0.69_k_4_basis_fourier_n_15": 0.00781477289040847,
  "hat_kneighbors_bw_0.25_k_3_basis_bspline_n_11": 0.008572572612842985,
  "hat_kneighbors_bw_0.93_k_4_basis_bspline_n_5": 0.00781477289040847,
  "hat_nadarayawatson_bw_0.88_k_8_basis_bspline_n_9": 0.0064480174783204895,
  "hat_nadarayawatson_bw_0.98_k_3_basis_fourier_n_5": 0.006485863402152884,
  "hat_kneighbors_bw_0.08_k_17_basis_fourier_n_5": 0.006933310584761414,
  "hat_kneighbors_bw_0.92_k_14_basis_fourier_n_7": 0.007023642155586349,
  "hat_locallinear_bw_0.2_k_18_basis_fourier_n_15": 0.021442586195470258,
  "hat_nadarayawatson_bw_0.98_k_8_basis_fourier_n_7": 0.006485863402152884,
  "hat_locallinear_bw_0.82_k_5_basis_bspline_n_7": 0.006517190421430971,
  "hat_kneighbors_bw_0.2_k_19_basis_fourier_n_9": 0.00686277576448135,
  "hat_locallinear_bw_0.16_k_6_basis_fourier_n_7": 0.014898290200846358,
  "hat_kneighbors_bw_0.82_k_9_basis_fourier_n_7": 0.007272899491057726,
  "hat_locallinear_bw_0.16_k_18_basis_fourier_n_11": 0.030423221839791025,
  "hat_kneighbors_bw_0.14_k_6_basis_fourier_n_9": 0.007680218206821091,
  "hat_kneighbors_bw_0.81_k_9_basis_bspline_n_5": 0.007272899491057726,
  "hat_nadarayawatson_bw_0.87_k_17_basis_bspline_n_9": 0.006444536145032677,
  "hat_nadarayawatson_bw_0.85_k_3_basis_bspline_n_9": 0.00643780101820729,
  "hat_locallinear_bw_0.61_k_8_basis_fourier_n_11": 0.00716317975500811,
  "hat_nadarayawatson_bw_0.27_k_12_basis_bspline_n_9": 0.0069671923489419505,
  "hat_nadarayawatson_bw_0.82_k_3_basis_fourier_n_11": 0.006428354721424631,
  "hat_kneighbors_bw_0.88_k_7_basis_bspline_n_9": 0.007516471465867165,
  "hat_locallinear_bw_0.93_k_10_basis_bspline_n_15": 0.00705704019563908,
  "hat_locallinear_bw_0.08_k_12_basis_fourier_n_7": 0.0641950386301688,
  "hat_kneighbors_bw_0.99_k_8_basis_bspline_n_9": 0.007281150697417778,
  "hat_locallinear_bw_0.98_k_10_basis_bspline_n_9": 0.006679811068715222,
  "hat_kneighbors_bw_0.28_k_7_basis_fourier_n_9": 0.007516471465867165,
  "hat_nadarayawatson_bw_0.14_k_8_basis_bspline_n_7": 0.00867125587468105,
  "hat_locallinear_bw_0.23_k_8_basis_bspline_n_7": 0.008797446050511653,
  "hat_nadarayawatson_bw_0.85_k_8_basis_fourier_n_5": 0.00643780101820729,
  "hat_nadarayawatson_bw_0.07_k_2_basis_bspline_n_7": 0.011626573378184662,
  "hat_nadarayawatson_bw_0.98_k_5_basis_fourier_n_5": 0.006485863402152884,
  "hat_nadarayawatson_bw_0.96_k_12_basis_fourier_n_7": 0.006477952870872858,
  "hat_kneighbors_bw_0.2_k_3_basis_bspline_n_7": 0.008572572612842985,
  "hat_nadarayawatson_bw_0.72_k_11_basis_bspline_n_5": 0.006404917516281241,
  "hat_nadarayawatson_bw_0.84_k_3_basis_bspline_n_5": 0.006434558589574429,
  "hat_locallinear_bw_0.04_k_18_basis_fourier_n_5": 0.28207676788570646,
  "hat_nadarayawatson_bw_0.87_k_9_basis_bspline_n_5": 0.006444536145032677,
  "hat_kneighbors_bw_0.87_k_17_basis_bspline_n_15": 0.006933310584761414,
  "hat_kneighbors_bw_0.87_k_10_basis_fourier_n_9": 0.00724028370623238,
  "hat_locallinear_bw_0.03_k_16_basis_bspline_n_7": 3.238441677466507
}