{
  "data_bspline_5_coef_bspline_5": 0.28593717177541694,
  "data_bspline_5_coef_bspline_7": 0.2859371717754173,
  "data_bspline_5_coef_bspline_9": 0.28593717177541667,
  "data_bspline_5_coef_fourier_5": 0.285937171775417,
  "data_bspline_5_coef_fourier_7": 0.28593717177541694,
  "data_bspline_5_coef_fourier_9": 0.2859371717754174,
  "data_bspline_7_coef_bspline_5": 0.28593035715348236,
  "data_bspline_7_coef_bspline_7": 0.29138398306780455,
  "data_bspline_7_coef_bspline_9": 0.2913839830641288,
  "data_bspline_7_coef_fourier_5": 0.28659129963746277,
  "data_bspline_7_coef_fourier_7": 0.291383983067804,
  "data_bspline_7_coef_fourier_9": 0.29138398306780544,
  "data_bspline_9_coef_bspline_5": 0.28579568419645335,
  "data_bspline_9_coef_bspline_7": 0.2913005528207572,
  "data_bspline_9_coef_bspline_9": 0.29757854692335217,
  "data_bspline_9_coef_fourier_5": 0.2873008719850619,
  "data_bspline_9_coef_fourier_7": 0.2912706807410191,
  "data_bspline_9_coef_fourier_9": 0.2975785469055997,
  "data_fourier_5_coef_bspline_5": 0.2871798371325648,
  "data_fourier_5_coef_bspline_7": 0.2871798371325647,
  "data_fourier_5_coef_bspline_9": 0.28717983713256434,
  "data_fourier_5_coef_fourier_5": 0.28717983713256406,
  "data_fourier_5_coef_fourier_7": 0.2871798371325641,
  "data_fourier_5_coef_fourier_9": 0.2871798371325639,
  "data_fourier_7_coef_bspline_5": 0.28603873817140885,
  "data_fourier_7_coef_bspline_7": 0.29032065620834147,
  "data_fourier_7_coef_bspline_9": 0.29032065620876796,
  "data_fourier_7_coef_fourier_5": 0.2871783673208543,
  "data_fourier_7_coef_fourier_7": 0.2903206562083397,
  "data_fourier_7_coef_fourier_9": 0.29032065620834,
  "data_fourier_9_coef_bspline_5": 0.2845282460417989,
  "data_fourier_9_coef_bspline_7": 0.2913349404145701,
  "data_fourier_9_coef_bspline_9": 0.2908766699553626,
  "data_fourier_9_coef_fourier_5": 0.28714687376404047,
  "data_fourier_9_coef_fourier_7": 0.290279518075201,
  "data_fourier_9_coef_fourier_9": 0.2908766699547575
}