{
  "data_bspline_5_coef_bspline_5": 20.874984375054503,
  "data_bspline_5_coef_bspline_7": 20.874984375054517,
  "data_bspline_5_coef_bspline_9": 20.87498437505451,
  "data_bspline_5_coef_fourier_5": 20.874984375054503,
  "data_bspline_5_coef_fourier_7": 20.87498437505451,
  "data_bspline_5_coef_fourier_9": 20.874984375054506,
  "data_bspline_7_coef_bspline_5": 20.857223224271337,
  "data_bspline_7_coef_bspline_7": 21.41376007261971,
  "data_bspline_7_coef_bspline_9": 21.41376007266191,
  "data_bspline_7_coef_fourier_5": 20.736129409753055,
  "data_bspline_7_coef_fourier_7": 21.413760072619688,
  "data_bspline_7_coef_fourier_9": 21.413760072619688,
  "data_bspline_9_coef_bspline_5": 20.85174050037859,
  "data_bspline_9_coef_bspline_7": 21.382457876583665,
  "data_bspline_9_coef_bspline_9": 21.090626815498435,
  "data_bspline_9_coef_fourier_5": 20.741960935978174,
  "data_bspline_9_coef_fourier_7": 20.78751335361098,
  "data_bspline_9_coef_fourier_9": 21.09062681544434,
  "data_fourier_5_coef_bspline_5": 20.767747778296528,
  "data_fourier_5_coef_bspline_7": 20.767747778296517,
  "data_fourier_5_coef_bspline_9": 20.7677477782965,
  "data_fourier_5_coef_fourier_5": 20.767747778296496,
  "data_fourier_5_coef_fourier_7": 20.767747778296496,
  "data_fourier_5_coef_fourier_9": 20.767747778296492,
  "data_fourier_7_coef_bspline_5": 20.86569427864861,
  "data_fourier_7_coef_bspline_7": 20.900980358226718,
  "data_fourier_7_coef_bspline_9": 20.90098035831808,
  "data_fourier_7_coef_fourier_5": 20.762369587566507,
  "data_fourier_7_coef_fourier_7": 20.900980358226775,
  "data_fourier_7_coef_fourier_9": 20.900980358226782,
  "data_fourier_9_coef_bspline_5": 20.790992110915305,
  "data_fourier_9_coef_bspline_7": 21.12992945395404,
  "data_fourier_9_coef_bspline_9": 20.948342350329675,
  "data_fourier_9_coef_fourier_5": 20.763531163913605,
  "data_fourier_9_coef_fourier_7": 20.896261918481688,
  "data_fourier_9_coef_fourier_9": 20.948342350308216
}