{
  "raw_7_lr0.05": 58.631551869710286,
  "fpca_7_data_fourier_9_component_fourier_11_lr_0.055": 53.65650068918864,
  "fpca_7_data_bspline_9_component_fourier_9_lr_0.028": 79.5401140530904,
  "fpca_7_data_bspline_19_component_fourier_11_lr_0.02": 61.97026341756185,
  "fpca_7_data_bspline_9_component_fourier_9_lr_0.034": 71.79685853322347,
  "fpca_7_data_fourier_11_component_fourier_15_lr_0.063": 34.191026814778645,
  "fpca_7_data_bspline_11_component_bspline_9_lr_0.06": 37.19700428644816,
  "fpca_7_data_fourier_11_component_bspline_11_lr_0.021": 70.82806903521221,
  "fpca_7_data_fourier_9_component_fourier_11_lr_0.086": 37.60439873536428,
  "fpca_7_data_bspline_9_component_bspline_9_lr_0.034": 63.27059621810913,
  "fpca_7_data_fourier_15_component_bspline_15_lr_0.016": 62.267875480651846,
  "fpca_7_data_bspline_19_component_fourier_19_lr_0.065": 36.521173318227135,
  "fpca_7_data_bspline_15_component_bspline_19_lr_0.04": 57.636483351389565,
  "fpca_7_data_bspline_9_component_bspline_19_lr_0.037": 61.62777614593506,
  "fpca_7_data_bspline_15_component_bspline_9_lr_0.041": 53.94770876566569,
  "fpca_7_data_bspline_11_component_fourier_11_lr_0.098": 33.02949860890707,
  "fpca_7_data_bspline_19_component_bspline_9_lr_0.081": 44.18107220331827,
  "fpca_7_data_fourier_19_component_fourier_19_lr_0.015": 73.31583212216695,
  "fpca_7_data_fourier_19_component_bspline_19_lr_0.084": 29.66434858640035,
  "fpca_7_data_fourier_19_component_bspline_9_lr_0.016": 46.620743878682454,
  "fpca_7_data_bspline_11_component_bspline_15_lr_0.076": 48.33270114262899,
  "fpca_7_data_fourier_19_component_bspline_9_lr_0.045": 34.735681470235185,
  "fpca_7_data_fourier_9_component_bspline_11_lr_0.066": 70.33794689178467,
  "fpca_7_data_fourier_15_component_fourier_9_lr_0.099": 40.95092458724975,
  "fpca_7_data_fourier_9_component_fourier_19_lr_0.069": 46.52456817626953,
  "fpca_7_data_bspline_19_component_bspline_11_lr_0.085": 39.649668296178184,
  "fpca_7_data_fourier_19_component_bspline_9_lr_0.051": 56.014964723587035,
  "fpca_7_data_bspline_15_component_fourier_19_lr_0.015": 69.62905591328939,
  "fpca_7_data_fourier_19_component_bspline_9_lr_0.033": 44.83818162282308,
  "fpca_7_data_bspline_11_component_bspline_19_lr_0.027": 53.294163131713866,
  "fpca_7_data_fourier_11_component_fourier_11_lr_0.072": 32.57766289710998,
  "fpca_7_data_bspline_9_component_bspline_9_lr_0.065": 49.88399085998535,
  "fpca_7_data_fourier_19_component_fourier_15_lr_0.036": 51.230538177490224,
  "fpca_7_data_bspline_15_component_fourier_9_lr_0.05": 45.30655282338461,
  "fpca_7_data_fourier_19_component_fourier_15_lr_0.035": 58.04945028622945,
  "fpca_7_data_fourier_19_component_bspline_19_lr_0.066": 31.80593528747558,
  "fpca_7_data_fourier_19_component_bspline_9_lr_0.018": 49.913256899515794,
  "fpca_7_data_bspline_9_component_fourier_11_lr_0.012": 76.90450064341228,
  "fpca_7_data_fourier_9_component_fourier_15_lr_0.039": 52.264726320902504,
  "fpca_7_data_fourier_9_component_fourier_11_lr_0.093": 44.99924589792888,
  "fpca_7_data_bspline_15_component_bspline_15_lr_0.065": 45.14673426946004,
  "fpca_7_data_bspline_9_component_bspline_19_lr_0.026": 69.03848565419514,
  "fpca_7_data_bspline_11_component_bspline_9_lr_0.048": 50.74069296518962,
  "fpca_7_data_bspline_15_component_bspline_9_lr_0.001": 98.06549943288167,
  "fpca_7_data_fourier_19_component_bspline_9_lr_0.023": 56.75054855346679,
  "fpca_7_data_bspline_11_component_bspline_19_lr_0.09": 43.42234134674072,
  "fpca_7_data_fourier_9_component_fourier_9_lr_0.088": 40.21625022888184,
  "fpca_7_data_bspline_11_component_fourier_19_lr_0.1": 37.1418046315511,
  "fpca_7_data_bspline_11_component_fourier_9_lr_0.011": 75.14090830485027,
  "fpca_7_data_bspline_19_component_bspline_15_lr_0.092": 24.40918731689453,
  "fpca_7_data_fourier_9_component_bspline_15_lr_0.067": 48.712396240234376,
  "raw_9_lr0.05": 57.213112004597974,
  "fpca_9_data_fourier_9_component_fourier_11_lr_0.055": 103.69036674499512,
  "fpca_9_data_bspline_9_component_fourier_9_lr_0.028": 83.65268026987711,
  "fpca_9_data_bspline_19_component_fourier_11_lr_0.02": 82.84280497233073,
  "fpca_9_data_bspline_9_component_fourier_9_lr_0.034": 74.57816569010417,
  "fpca_9_data_fourier_11_component_fourier_15_lr_0.063": 67.1962916692098,
  "fpca_9_data_bspline_11_component_bspline_9_lr_0.06": 62.322007751464845,
  "fpca_9_data_fourier_11_component_bspline_11_lr_0.021": 121.16667118072512,
  "fpca_9_data_fourier_9_component_fourier_11_lr_0.086": 74.24575233459473,
  "fpca_9_data_bspline_9_component_bspline_9_lr_0.034": 84.80647741953531,
  "fpca_9_data_fourier_15_component_bspline_15_lr_0.016": 64.85444329579671,
  "fpca_9_data_bspline_19_component_fourier_19_lr_0.065": 80.08106307983398,
  "fpca_9_data_bspline_15_component_bspline_19_lr_0.04": 85.70422140757243,
  "fpca_9_data_bspline_9_component_bspline_19_lr_0.037": 62.0736468633016,
  "fpca_9_data_bspline_15_component_bspline_9_lr_0.041": 66.85276918411255,
  "fpca_9_data_bspline_11_component_fourier_11_lr_0.098": 79.03143444061278,
  "fpca_9_data_bspline_19_component_bspline_9_lr_0.081": 50.18483390808105,
  "fpca_9_data_fourier_19_component_fourier_19_lr_0.015": 84.49375502268474,
  "fpca_9_data_fourier_19_component_bspline_19_lr_0.084": 63.7589415550232,
  "fpca_9_data_fourier_19_component_bspline_9_lr_0.016": 83.45136960347493,
  "fpca_9_data_bspline_11_component_bspline_15_lr_0.076": 45.409837277730304,
  "fpca_9_data_fourier_19_component_bspline_9_lr_0.045": 74.0174960454305,
  "fpca_9_data_fourier_9_component_bspline_11_lr_0.066": 78.1880750020345,
  "fpca_9_data_fourier_15_component_fourier_9_lr_0.099": 80.13220831553141,
  "fpca_9_data_fourier_9_component_fourier_19_lr_0.069": 81.8752607981364,
  "fpca_9_data_bspline_19_component_bspline_11_lr_0.085": 45.96695187886556,
  "fpca_9_data_fourier_19_component_bspline_9_lr_0.051": 72.8152473449707,
  "fpca_9_data_bspline_15_component_fourier_19_lr_0.015": 92.44314613342287,
  "fpca_9_data_fourier_19_component_bspline_9_lr_0.033": 72.96123606363932,
  "fpca_9_data_bspline_11_component_bspline_19_lr_0.027": 76.84897677103679,
  "fpca_9_data_fourier_11_component_fourier_11_lr_0.072": 49.715116564432776,
  "fpca_9_data_bspline_9_component_bspline_9_lr_0.065": 70.5456968307495,
  "fpca_9_data_fourier_19_component_fourier_15_lr_0.036": 86.40287030537922,
  "fpca_9_data_bspline_15_component_fourier_9_lr_0.05": 96.41044820149739,
  "fpca_9_data_fourier_19_component_fourier_15_lr_0.035": 87.00426824887593,
  "fpca_9_data_fourier_19_component_bspline_19_lr_0.066": 64.5880334854126,
  "fpca_9_data_fourier_19_component_bspline_9_lr_0.018": 90.97148831685384,
  "fpca_9_data_bspline_9_component_fourier_11_lr_0.012": 83.20831352869669,
  "fpca_9_data_fourier_9_component_fourier_15_lr_0.039": 94.18430353800456,
  "fpca_9_data_fourier_9_component_fourier_11_lr_0.093": 75.79556490580241,
  "fpca_9_data_bspline_15_component_bspline_15_lr_0.065": 73.52122863133748,
  "fpca_9_data_bspline_9_component_bspline_19_lr_0.026": 91.50782775878906,
  "fpca_9_data_bspline_11_component_bspline_9_lr_0.048": 69.98614164988199,
  "fpca_9_data_bspline_15_component_bspline_9_lr_0.001": 104.1757266998291,
  "fpca_9_data_fourier_19_component_bspline_9_lr_0.023": 93.1833927154541,
  "fpca_9_data_bspline_11_component_bspline_19_lr_0.09": 50.2569257736206,
  "fpca_9_data_fourier_9_component_fourier_9_lr_0.088": 70.27137819925944,
  "fpca_9_data_bspline_11_component_fourier_19_lr_0.1": 51.82952416737874,
  "fpca_9_data_bspline_11_component_fourier_9_lr_0.011": 119.42415113449097,
  "fpca_9_data_bspline_19_component_bspline_15_lr_0.092": 62.18665889104207,
  "fpca_9_data_fourier_9_component_bspline_15_lr_0.067": 90.1552099863688
}