{
  "data_bspline_5_coef_bspline_5": 0.009697339329365368,
  "data_bspline_5_coef_bspline_7": 0.009697339329365357,
  "data_bspline_5_coef_bspline_9": 0.009697339329365373,
  "data_bspline_5_coef_fourier_5": 0.009697339329365368,
  "data_bspline_5_coef_fourier_7": 0.009697339329365368,
  "data_bspline_5_coef_fourier_9": 0.009697339329365371,
  "data_bspline_7_coef_bspline_5": 0.009698602188853479,
  "data_bspline_7_coef_bspline_7": 0.010097373804352935,
  "data_bspline_7_coef_bspline_9": 0.010097373804365041,
  "data_bspline_7_coef_fourier_5": 0.009776350794804841,
  "data_bspline_7_coef_fourier_7": 0.01009737380435293,
  "data_bspline_7_coef_fourier_9": 0.010097373804352928,
  "data_bspline_9_coef_bspline_5": 0.00969871746201022,
  "data_bspline_9_coef_bspline_7": 0.01012344257140484,
  "data_bspline_9_coef_bspline_9": 0.010311186232403634,
  "data_bspline_9_coef_fourier_5": 0.009790437974929546,
  "data_bspline_9_coef_fourier_7": 0.010125480170851136,
  "data_bspline_9_coef_fourier_9": 0.010311186232415056,
  "data_fourier_5_coef_bspline_5": 0.00979442345779418,
  "data_fourier_5_coef_bspline_7": 0.009794423457794169,
  "data_fourier_5_coef_bspline_9": 0.00979442345779418,
  "data_fourier_5_coef_fourier_5": 0.009794423457794174,
  "data_fourier_5_coef_fourier_7": 0.009794423457794174,
  "data_fourier_5_coef_fourier_9": 0.009794423457794178,
  "data_fourier_7_coef_bspline_5": 0.009695555161072834,
  "data_fourier_7_coef_bspline_7": 0.010094658379161172,
  "data_fourier_7_coef_bspline_9": 0.01009465837917518,
  "data_fourier_7_coef_fourier_5": 0.009796344229211214,
  "data_fourier_7_coef_fourier_7": 0.010094658379161178,
  "data_fourier_7_coef_fourier_9": 0.010094658379161176,
  "data_fourier_9_coef_bspline_5": 0.009670692832202673,
  "data_fourier_9_coef_bspline_7": 0.010084753703520462,
  "data_fourier_9_coef_bspline_9": 0.010136329737888854,
  "data_fourier_9_coef_fourier_5": 0.009797557592892964,
  "data_fourier_9_coef_fourier_7": 0.010096268615774852,
  "data_fourier_9_coef_fourier_9": 0.010136329737919714
}