{
  "hat_nadarayawatson_bw_0.64_k_5_basis_fourier_n_7": 9.890850361670354,
  "hat_nadarayawatson_bw_0.63_k_15_basis_bspline_n_5": 9.720609935194945,
  "hat_nadarayawatson_bw_0.68_k_12_basis_fourier_n_5": 10.56438567313072,
  "hat_locallinear_bw_0.15_k_6_basis_fourier_n_9": 7.616710281312829,
  "hat_nadarayawatson_bw_0.41_k_16_basis_bspline_n_15": 6.042744886441187,
  "hat_locallinear_bw_0.78_k_14_basis_fourier_n_11": 7.833663586044641,
  "hat_locallinear_bw_0.64_k_6_basis_bspline_n_15": 6.974419195520558,
  "hat_nadarayawatson_bw_0.15_k_10_basis_fourier_n_15": 4.099454234407933,
  "hat_locallinear_bw_0.64_k_9_basis_fourier_n_11": 6.836143426220214,
  "hat_locallinear_bw_0.68_k_15_basis_bspline_n_11": 7.419589839578781,
  "hat_locallinear_bw_0.37_k_6_basis_bspline_n_5": 4.2574951394010645,
  "hat_nadarayawatson_bw_0.66_k_6_basis_bspline_n_15": 10.22931195398044,
  "hat_kneighbors_bw_0.16_k_7_basis_fourier_n_11": 4.638850368151105,
  "hat_nadarayawatson_bw_0.25_k_12_basis_bspline_n_5": 4.013320533373552,
  "hat_locallinear_bw_0.64_k_2_basis_bspline_n_11": 7.128721804149704,
  "hat_kneighbors_bw_0.53_k_17_basis_fourier_n_11": 5.987797308594045,
  "hat_nadarayawatson_bw_0.99_k_8_basis_fourier_n_9": 14.92517044033213,
  "hat_kneighbors_bw_0.15_k_6_basis_bspline_n_5": 4.571557003897088,
  "hat_locallinear_bw_0.42_k_15_basis_fourier_n_9": 5.406534744779639,
  "hat_nadarayawatson_bw_0.68_k_8_basis_fourier_n_15": 10.56438567313072,
  "hat_kneighbors_bw_0.6_k_14_basis_fourier_n_11": 5.6171180467698125,
  "hat_nadarayawatson_bw_0.64_k_7_basis_fourier_n_11": 9.890850361670354,
  "hat_nadarayawatson_bw_0.6_k_2_basis_bspline_n_15": 9.20717804706551,
  "hat_kneighbors_bw_0.78_k_14_basis_bspline_n_11": 5.6171180467698125,
  "hat_locallinear_bw_0.68_k_7_basis_fourier_n_15": 7.445577708009646,
  "hat_locallinear_bw_0.56_k_15_basis_bspline_n_11": 6.562096507797861,
  "hat_kneighbors_bw_0.48_k_7_basis_bspline_n_15": 4.638850368151105,
  "hat_nadarayawatson_bw_1.0_k_13_basis_bspline_n_9": 15.034162512603313,
  "hat_nadarayawatson_bw_0.59_k_13_basis_bspline_n_15": 9.03551388353855,
  "hat_nadarayawatson_bw_0.63_k_6_basis_fourier_n_15": 9.720609935194945,
  "hat_nadarayawatson_bw_0.64_k_8_basis_fourier_n_11": 9.890850361670354,
  "hat_nadarayawatson_bw_0.11_k_13_basis_fourier_n_9": 4.567335255743235,
  "hat_nadarayawatson_bw_0.63_k_15_basis_fourier_n_9": 9.720609935194945,
  "hat_kneighbors_bw_0.22_k_6_basis_fourier_n_5": 4.571557003897088,
  "hat_nadarayawatson_bw_0.3_k_19_basis_fourier_n_15": 4.4992010453443845,
  "hat_locallinear_bw_0.32_k_15_basis_bspline_n_5": 4.009668552882021,
  "hat_locallinear_bw_1.0_k_13_basis_fourier_n_5": 9.869879603935683,
  "hat_kneighbors_bw_0.39_k_15_basis_bspline_n_5": 5.751881763098707,
  "hat_nadarayawatson_bw_0.38_k_9_basis_bspline_n_15": 5.585636528503878,
  "hat_nadarayawatson_bw_0.48_k_7_basis_fourier_n_7": 7.1685594769536936,
  "hat_nadarayawatson_bw_0.68_k_12_basis_bspline_n_9": 10.56438567313072,
  "hat_kneighbors_bw_0.68_k_15_basis_fourier_n_5": 5.751881763098707,
  "hat_kneighbors_bw_0.32_k_6_basis_bspline_n_5": 4.571557003897088,
  "hat_nadarayawatson_bw_0.11_k_19_basis_bspline_n_9": 4.567335255743235,
  "hat_locallinear_bw_0.76_k_12_basis_fourier_n_9": 7.854419357291187,
  "hat_kneighbors_bw_0.24_k_15_basis_bspline_n_7": 5.751881763098707,
  "hat_kneighbors_bw_0.35_k_6_basis_fourier_n_9": 4.571557003897088,
  "hat_kneighbors_bw_0.64_k_15_basis_bspline_n_15": 5.751881763098707,
  "hat_locallinear_bw_0.71_k_2_basis_fourier_n_5": 7.315925112266936,
  "hat_kneighbors_bw_0.68_k_15_basis_bspline_n_7": 5.751881763098707
}