{
  "hat_nadarayawatson_bw_0.49_k_7_basis_fourier_n_11": 0.4787301446554745,
  "hat_locallinear_bw_0.56_k_5_basis_bspline_n_11": 0.291107903631443,
  "hat_kneighbors_bw_0.99_k_5_basis_fourier_n_5": 0.36941472570966527,
  "hat_locallinear_bw_0.26_k_6_basis_fourier_n_9": 0.39612166197766596,
  "hat_kneighbors_bw_0.6_k_9_basis_fourier_n_5": 0.3931941115261549,
  "hat_locallinear_bw_0.75_k_16_basis_bspline_n_9": 0.25904861010096314,
  "hat_nadarayawatson_bw_0.33_k_3_basis_bspline_n_11": 0.33765605103238794,
  "hat_locallinear_bw_0.34_k_15_basis_bspline_n_11": 0.3679648000562043,
  "hat_kneighbors_bw_0.29_k_17_basis_fourier_n_7": 0.43529319911007996,
  "hat_nadarayawatson_bw_0.14_k_14_basis_bspline_n_11": 0.4038571634462582,
  "hat_locallinear_bw_0.33_k_14_basis_bspline_n_5": 0.290852316008428,
  "hat_locallinear_bw_0.05_k_15_basis_bspline_n_7": 16.535413553071002,
  "hat_locallinear_bw_0.11_k_8_basis_fourier_n_7": 1.7062109595769215,
  "hat_kneighbors_bw_0.34_k_15_basis_fourier_n_11": 0.4286120218471316,
  "hat_locallinear_bw_0.98_k_9_basis_fourier_n_11": 0.2617426837439042,
  "hat_kneighbors_bw_0.14_k_15_basis_bspline_n_11": 0.4286120218471316,
  "hat_nadarayawatson_bw_0.36_k_14_basis_bspline_n_11": 0.3525532346602631,
  "hat_nadarayawatson_bw_0.52_k_14_basis_fourier_n_11": 0.5225554135347221,
  "hat_nadarayawatson_bw_0.17_k_18_basis_fourier_n_5": 0.36654379059048675,
  "hat_nadarayawatson_bw_0.82_k_6_basis_fourier_n_9": 1.2076027685447053,
  "hat_kneighbors_bw_0.82_k_3_basis_fourier_n_11": 0.43084754597338126,
  "hat_nadarayawatson_bw_0.82_k_14_basis_fourier_n_9": 1.2076027685447053,
  "hat_locallinear_bw_0.75_k_15_basis_fourier_n_5": 0.24556900083083044,
  "hat_locallinear_bw_0.11_k_15_basis_fourier_n_9": 266.46755798646507,
  "hat_kneighbors_bw_0.34_k_17_basis_fourier_n_7": 0.43529319911007996,
  "hat_kneighbors_bw_0.56_k_15_basis_bspline_n_15": 0.4286120218471316,
  "hat_locallinear_bw_0.69_k_11_basis_bspline_n_11": 0.2740822244294113,
  "hat_locallinear_bw_0.92_k_7_basis_bspline_n_11": 0.26039647430332735,
  "hat_locallinear_bw_0.29_k_5_basis_bspline_n_9": 0.3558185751813238,
  "hat_kneighbors_bw_0.69_k_17_basis_bspline_n_11": 0.43529319911007996,
  "hat_kneighbors_bw_0.57_k_7_basis_bspline_n_15": 0.39785584195479473,
  "hat_locallinear_bw_0.29_k_7_basis_fourier_n_11": 0.44736097491081156,
  "hat_kneighbors_bw_0.64_k_12_basis_fourier_n_5": 0.406388034048923,
  "hat_kneighbors_bw_0.07_k_15_basis_bspline_n_11": 0.4286120218471316,
  "hat_nadarayawatson_bw_0.17_k_5_basis_bspline_n_7": 0.36654379059048675,
  "hat_nadarayawatson_bw_0.78_k_8_basis_fourier_n_9": 1.0966488536442989,
  "hat_locallinear_bw_0.05_k_2_basis_fourier_n_11": 110.13329036636178,
  "hat_nadarayawatson_bw_0.11_k_12_basis_fourier_n_7": 0.45600725286641464,
  "hat_kneighbors_bw_0.34_k_2_basis_fourier_n_9": 0.46261523378618435,
  "hat_kneighbors_bw_0.43_k_15_basis_fourier_n_15": 0.4286120218471316,
  "hat_kneighbors_bw_0.78_k_16_basis_bspline_n_9": 0.427990982324555,
  "hat_kneighbors_bw_0.34_k_7_basis_fourier_n_9": 0.39785584195479473,
  "hat_kneighbors_bw_0.33_k_9_basis_bspline_n_15": 0.3931941115261549,
  "hat_nadarayawatson_bw_0.8_k_14_basis_bspline_n_11": 1.1516230770422553,
  "hat_nadarayawatson_bw_0.05_k_18_basis_bspline_n_15": 0.587947019326472,
  "hat_locallinear_bw_0.97_k_3_basis_bspline_n_9": 0.2506263097915959,
  "hat_locallinear_bw_0.74_k_5_basis_bspline_n_7": 0.2527078320749276,
  "hat_nadarayawatson_bw_0.87_k_14_basis_bspline_n_5": 1.3512730912364226,
  "hat_locallinear_bw_0.79_k_5_basis_fourier_n_5": 0.2452771773695986,
  "hat_nadarayawatson_bw_0.98_k_16_basis_fourier_n_11": 1.6797276922821396
}