{
  "raw_7_lr0.05": 0.34246339996655784,
  "fpcs_7_data_bspline_19_component_bspline_9_lr_0.044": 0.29693806370099385,
  "fpcs_7_data_fourier_19_component_fourier_11_lr_0.091": 0.3152860124905904,
  "fpcs_7_data_bspline_11_component_bspline_9_lr_0.048": 0.30658488571643827,
  "fpcs_7_data_bspline_15_component_bspline_11_lr_0.036": 0.3242976764837901,
  "fpcs_7_data_fourier_11_component_bspline_19_lr_0.061": 0.2947161177794138,
  "fpcs_7_data_bspline_15_component_fourier_9_lr_0.096": 0.31832357943058015,
  "fpcs_7_data_bspline_9_component_bspline_9_lr_0.064": 0.3114625096321106,
  "fpcs_7_data_fourier_11_component_bspline_9_lr_0.067": 0.32533030410607655,
  "fpcs_7_data_bspline_11_component_fourier_19_lr_0.012": 0.3371307681004206,
  "fpcs_7_data_bspline_9_component_fourier_9_lr_0.032": 0.32284344931443537,
  "fpcs_7_data_fourier_9_component_bspline_15_lr_0.09": 0.3139204521973928,
  "fpcs_7_data_fourier_11_component_bspline_15_lr_0.097": 0.313968551158905,
  "fpcs_7_data_fourier_15_component_fourier_9_lr_0.062": 0.32045571307341264,
  "fpcs_7_data_fourier_19_component_bspline_19_lr_0.018": 0.3071253230174383,
  "fpcs_7_data_fourier_9_component_bspline_19_lr_0.068": 0.30240251421928405,
  "fpcs_7_data_bspline_11_component_fourier_11_lr_0.051": 0.3318056186040243,
  "fpcs_7_data_bspline_11_component_bspline_9_lr_0.096": 0.338036972284317,
  "fpcs_7_data_bspline_19_component_fourier_11_lr_0.07": 0.32620682020982106,
  "fpcs_7_data_bspline_15_component_fourier_15_lr_0.095": 0.3060001383225123,
  "fpcs_7_data_bspline_9_component_bspline_9_lr_0.025": 0.31771627565224964,
  "fpcs_7_data_fourier_11_component_fourier_15_lr_0.034": 0.315806578596433,
  "fpcs_7_data_fourier_9_component_bspline_11_lr_0.043": 0.3095776299635569,
  "fpcs_7_data_fourier_9_component_bspline_9_lr_0.056": 0.31688968539237977,
  "fpcs_7_data_fourier_19_component_fourier_9_lr_0.022": 0.3170058528582255,
  "fpcs_7_data_fourier_15_component_bspline_19_lr_0.062": 0.2874141643444697,
  "fpcs_7_data_bspline_15_component_bspline_11_lr_0.035": 0.30979694922765094,
  "fpcs_7_data_fourier_19_component_fourier_11_lr_0.098": 0.3023342033227285,
  "fpcs_7_data_fourier_9_component_bspline_11_lr_0.059": 0.32609948416550955,
  "fpcs_7_data_bspline_19_component_bspline_9_lr_0.039": 0.30072115659713744,
  "fpcs_7_data_fourier_9_component_bspline_15_lr_0.061": 0.29847727914651234,
  "fpcs_7_data_bspline_15_component_fourier_9_lr_0.025": 0.31884554823239647,
  "fpcs_7_data_bspline_9_component_bspline_11_lr_0.027": 0.3042759090662003,
  "fpcs_7_data_bspline_15_component_fourier_11_lr_0.055": 0.32066299418608346,
  "fpcs_7_data_fourier_9_component_fourier_15_lr_0.082": 0.2793905218442281,
  "fpcs_7_data_bspline_19_component_bspline_15_lr_0.086": 0.3090527832508087,
  "fpcs_7_data_fourier_11_component_bspline_15_lr_0.051": 0.31050971547762557,
  "fpcs_7_data_bspline_19_component_bspline_9_lr_0.078": 0.3192598084608714,
  "fpcs_7_data_bspline_9_component_bspline_15_lr_0.084": 0.30292309323946637,
  "fpcs_7_data_fourier_11_component_bspline_9_lr_0.066": 0.32127464811007184,
  "fpcs_7_data_fourier_11_component_bspline_15_lr_0.083": 0.29960969388484954,
  "fpcs_7_data_bspline_15_component_fourier_19_lr_0.092": 0.29600503245989485,
  "fpcs_7_data_bspline_15_component_fourier_15_lr_0.074": 0.3007998526096344,
  "fpcs_7_data_fourier_15_component_fourier_15_lr_0.016": 0.2830145945151647,
  "fpcs_7_data_bspline_15_component_bspline_15_lr_0.083": 0.3039782484372457,
  "fpcs_7_data_bspline_15_component_bspline_9_lr_0.062": 0.31125442186991376,
  "fpcs_7_data_fourier_11_component_bspline_19_lr_0.021": 0.30684119860331216,
  "fpcs_7_data_fourier_9_component_fourier_9_lr_0.084": 0.30943336685498557,
  "fpcs_7_data_fourier_19_component_fourier_15_lr_0.088": 0.28611177603403726,
  "fpcs_7_data_fourier_19_component_fourier_11_lr_0.055": 0.29973359604676564,
  "raw_9_lr0.05": 0.33393677969773616,
  "fpcs_9_data_bspline_19_component_bspline_9_lr_0.044": 0.33014730016390487,
  "fpcs_9_data_fourier_19_component_fourier_11_lr_0.091": 0.32333035667737325,
  "fpcs_9_data_bspline_11_component_bspline_9_lr_0.048": 0.35038211345672604,
  "fpcs_9_data_bspline_15_component_bspline_11_lr_0.036": 0.3663576791683833,
  "fpcs_9_data_fourier_11_component_bspline_19_lr_0.061": 0.33379133145014445,
  "fpcs_9_data_bspline_15_component_fourier_9_lr_0.096": 0.3208564559618632,
  "fpcs_9_data_bspline_9_component_bspline_9_lr_0.064": 0.35752855738004047,
  "fpcs_9_data_fourier_11_component_bspline_9_lr_0.067": 0.3202403485774994,
  "fpcs_9_data_bspline_11_component_fourier_19_lr_0.012": 0.3313986539840698,
  "fpcs_9_data_bspline_9_component_fourier_9_lr_0.032": 0.3449796090523402,
  "fpcs_9_data_fourier_9_component_bspline_15_lr_0.09": 0.3200023601452509,
  "fpcs_9_data_fourier_11_component_bspline_15_lr_0.097": 0.3227970401446025,
  "fpcs_9_data_fourier_15_component_fourier_9_lr_0.062": 0.3216212004423141,
  "fpcs_9_data_fourier_19_component_bspline_19_lr_0.018": 0.3482669105132421,
  "fpcs_9_data_fourier_9_component_bspline_19_lr_0.068": 0.32785370349884035,
  "fpcs_9_data_bspline_11_component_fourier_11_lr_0.051": 0.3186171710491181,
  "fpcs_9_data_bspline_11_component_bspline_9_lr_0.096": 0.37024930715560905,
  "fpcs_9_data_bspline_19_component_fourier_11_lr_0.07": 0.33520584503809614,
  "fpcs_9_data_bspline_15_component_fourier_15_lr_0.095": 0.3575682332118353,
  "fpcs_9_data_bspline_9_component_bspline_9_lr_0.025": 0.3721322188774745,
  "fpcs_9_data_fourier_11_component_fourier_15_lr_0.034": 0.32400442560513815,
  "fpcs_9_data_fourier_9_component_bspline_11_lr_0.043": 0.3152640819549561,
  "fpcs_9_data_fourier_9_component_bspline_9_lr_0.056": 0.3273288130760193,
  "fpcs_9_data_fourier_19_component_fourier_9_lr_0.022": 0.33597993354002637,
  "fpcs_9_data_fourier_15_component_bspline_19_lr_0.062": 0.32522974411646527,
  "fpcs_9_data_bspline_15_component_bspline_11_lr_0.035": 0.35008052984873456,
  "fpcs_9_data_fourier_19_component_fourier_11_lr_0.098": 0.3422661701838175,
  "fpcs_9_data_fourier_9_component_bspline_11_lr_0.059": 0.30594768822193147,
  "fpcs_9_data_bspline_19_component_bspline_9_lr_0.039": 0.33595600426197053,
  "fpcs_9_data_fourier_9_component_bspline_15_lr_0.061": 0.29609526495138805,
  "fpcs_9_data_bspline_15_component_fourier_9_lr_0.025": 0.3059381862481435,
  "fpcs_9_data_bspline_9_component_bspline_11_lr_0.027": 0.3618634154399236,
  "fpcs_9_data_bspline_15_component_fourier_11_lr_0.055": 0.3099207073450088,
  "fpcs_9_data_fourier_9_component_fourier_15_lr_0.082": 0.31382853786150616,
  "fpcs_9_data_bspline_19_component_bspline_15_lr_0.086": 0.3224355200926463,
  "fpcs_9_data_fourier_11_component_bspline_15_lr_0.051": 0.34099899331728617,
  "fpcs_9_data_bspline_19_component_bspline_9_lr_0.078": 0.33631436626116434,
  "fpcs_9_data_bspline_9_component_bspline_15_lr_0.084": 0.35377555290857954,
  "fpcs_9_data_fourier_11_component_bspline_9_lr_0.066": 0.335974183678627,
  "fpcs_9_data_fourier_11_component_bspline_15_lr_0.083": 0.31594158709049225,
  "fpcs_9_data_bspline_15_component_fourier_19_lr_0.092": 0.3087518453598022,
  "fpcs_9_data_bspline_15_component_fourier_15_lr_0.074": 0.3151925891637802,
  "fpcs_9_data_fourier_15_component_fourier_15_lr_0.016": 0.32793650229771926,
  "fpcs_9_data_bspline_15_component_bspline_15_lr_0.083": 0.3305979400873184,
  "fpcs_9_data_bspline_15_component_bspline_9_lr_0.062": 0.3529326796531677,
  "fpcs_9_data_fourier_11_component_bspline_19_lr_0.021": 0.3140550116697947,
  "fpcs_9_data_fourier_9_component_fourier_9_lr_0.084": 0.3041087925434112,
  "fpcs_9_data_fourier_19_component_fourier_15_lr_0.088": 0.31956362326939897,
  "fpcs_9_data_fourier_19_component_fourier_11_lr_0.055": 0.3348068515459697
}