{
  "raw_7_lr0.05": 0.008878733248760302,
  "fpcs_7_data_bspline_11_component_fourier_9_lr_0.02": 0.010154723686476548,
  "fpcs_7_data_bspline_11_component_bspline_9_lr_0.018": 0.009493998965869348,
  "fpcs_7_data_bspline_11_component_bspline_11_lr_0.02": 0.009886767839392026,
  "fpcs_7_data_fourier_11_component_fourier_19_lr_0.002": 0.010542011478294928,
  "fpcs_7_data_fourier_19_component_fourier_11_lr_0.01": 0.009837347579499086,
  "fpcs_7_data_fourier_15_component_bspline_9_lr_0.027": 0.009351701630900303,
  "fpcs_7_data_bspline_11_component_bspline_11_lr_0.011": 0.009923764690756799,
  "fpcs_7_data_fourier_9_component_fourier_19_lr_0.015": 0.010214934901644787,
  "fpcs_7_data_bspline_15_component_bspline_9_lr_0.016": 0.009773029386997223,
  "fpcs_7_data_fourier_19_component_fourier_15_lr_0.004": 0.010956903981665772,
  "fpcs_7_data_fourier_19_component_bspline_9_lr_0.011": 0.010148274588088193,
  "fpcs_7_data_bspline_11_component_bspline_15_lr_0.023": 0.009696968893210093,
  "fpcs_7_data_fourier_15_component_fourier_9_lr_0.014": 0.009773509887357553,
  "fpcs_7_data_fourier_11_component_fourier_11_lr_0.024": 0.009837490382293859,
  "fpcs_7_data_bspline_9_component_bspline_9_lr_0.014": 0.009308585214118164,
  "fpcs_7_data_fourier_19_component_fourier_15_lr_0.006": 0.010116169167061647,
  "fpcs_7_data_fourier_9_component_fourier_19_lr_0.025": 0.009774622848878305,
  "fpcs_7_data_bspline_19_component_bspline_19_lr_0.004": 0.010012947985281547,
  "fpcs_7_data_fourier_15_component_fourier_9_lr_0.021": 0.010064421594142914,
  "fpcs_7_data_fourier_11_component_fourier_15_lr_0.024": 0.010028121309975784,
  "fpcs_7_data_bspline_9_component_bspline_15_lr_0.025": 0.00925625724097093,
  "fpcs_7_data_fourier_19_component_fourier_15_lr_0.002": 0.012839400954544543,
  "fpcs_7_data_fourier_9_component_fourier_11_lr_0.005": 0.010824651829898358,
  "fpcs_7_data_fourier_9_component_fourier_11_lr_0.007": 0.010382577280203501,
  "fpcs_7_data_bspline_19_component_fourier_15_lr_0.01": 0.0099614047134916,
  "fpcs_7_data_fourier_11_component_fourier_15_lr_0.03": 0.009675215929746628,
  "fpcs_7_data_fourier_11_component_fourier_9_lr_0.015": 0.009332510456442832,
  "fpcs_7_data_bspline_19_component_fourier_19_lr_0.021": 0.009440786639849345,
  "fpcs_7_data_bspline_19_component_bspline_9_lr_0.002": 0.01068756654858589,
  "fpcs_7_data_bspline_9_component_bspline_19_lr_0.013": 0.0100742194801569,
  "fpcs_7_data_bspline_11_component_bspline_19_lr_0.018": 0.009304587170481682,
  "fpcs_7_data_bspline_15_component_bspline_19_lr_0.025": 0.009666981175541878,
  "fpcs_7_data_fourier_15_component_bspline_9_lr_0.023": 0.009748655371367933,
  "fpcs_7_data_fourier_11_component_bspline_19_lr_0.014": 0.009744403759638467,
  "fpcs_7_data_bspline_19_component_bspline_9_lr_0.024": 0.009249964666863284,
  "fpcs_7_data_bspline_9_component_bspline_9_lr_0.018": 0.009023890861620506,
  "fpcs_7_data_fourier_11_component_fourier_15_lr_0.02": 0.010230440615365903,
  "fpcs_7_data_fourier_15_component_bspline_11_lr_0.019": 0.009514727629721165,
  "fpcs_7_data_bspline_9_component_bspline_9_lr_0.025": 0.00959491953253746,
  "fpcs_7_data_bspline_15_component_bspline_15_lr_0.029": 0.009584860410541296,
  "fpcs_7_data_fourier_15_component_fourier_19_lr_0.022": 0.010206245568891367,
  "fpcs_7_data_fourier_9_component_fourier_11_lr_0.02": 0.009826570997635524,
  "fpcs_7_data_bspline_15_component_bspline_15_lr_0.02": 0.009856149243811766,
  "fpcs_7_data_fourier_19_component_bspline_9_lr_0.001": 0.011889953973392644,
  "fpcs_7_data_fourier_15_component_fourier_9_lr_0.015": 0.010069387033581734,
  "fpcs_7_data_bspline_15_component_bspline_11_lr_0.008": 0.009975160472095013,
  "fpcs_7_data_bspline_19_component_bspline_11_lr_0.027": 0.009278935007750988,
  "fpcs_7_data_fourier_15_component_bspline_15_lr_0.016": 0.010284622075657049,
  "fpcs_7_data_fourier_19_component_fourier_15_lr_0.014": 0.010289890474329393,
  "fpcs_7_data_fourier_11_component_fourier_11_lr_0.021": 0.010249487993617851,
  "raw_9_lr0.05": 0.009334709650526444,
  "fpcs_9_data_bspline_11_component_fourier_9_lr_0.02": 0.010475211093823114,
  "fpcs_9_data_bspline_11_component_bspline_9_lr_0.018": 0.009767921982953946,
  "fpcs_9_data_bspline_11_component_bspline_11_lr_0.02": 0.009412854940940936,
  "fpcs_9_data_fourier_11_component_fourier_19_lr_0.002": 0.012034416757524013,
  "fpcs_9_data_fourier_19_component_fourier_11_lr_0.01": 0.010888021377225715,
  "fpcs_9_data_fourier_15_component_bspline_9_lr_0.027": 0.009766239672899246,
  "fpcs_9_data_bspline_11_component_bspline_11_lr_0.011": 0.01078819278627634,
  "fpcs_9_data_fourier_9_component_fourier_19_lr_0.015": 0.010506928339600563,
  "fpcs_9_data_bspline_15_component_bspline_9_lr_0.016": 0.009846751019358635,
  "fpcs_9_data_fourier_19_component_fourier_15_lr_0.004": 0.011338417604565621,
  "fpcs_9_data_fourier_19_component_bspline_9_lr_0.011": 0.00989595241844654,
  "fpcs_9_data_bspline_11_component_bspline_15_lr_0.023": 0.009822693529228368,
  "fpcs_9_data_fourier_15_component_fourier_9_lr_0.014": 0.009728311250607172,
  "fpcs_9_data_fourier_11_component_fourier_11_lr_0.024": 0.01006074578811725,
  "fpcs_9_data_bspline_9_component_bspline_9_lr_0.014": 0.010284678327540557,
  "fpcs_9_data_fourier_19_component_fourier_15_lr_0.006": 0.010735852519671123,
  "fpcs_9_data_fourier_9_component_fourier_19_lr_0.025": 0.009513741948952277,
  "fpcs_9_data_bspline_19_component_bspline_19_lr_0.004": 0.010476200189441441,
  "fpcs_9_data_fourier_15_component_fourier_9_lr_0.021": 0.00949780127654473,
  "fpcs_9_data_fourier_11_component_fourier_15_lr_0.024": 0.010653401104112467,
  "fpcs_9_data_bspline_9_component_bspline_15_lr_0.025": 0.00964751976231734,
  "fpcs_9_data_fourier_19_component_fourier_15_lr_0.002": 0.011413433775305746,
  "fpcs_9_data_fourier_9_component_fourier_11_lr_0.005": 0.010483346196512382,
  "fpcs_9_data_fourier_9_component_fourier_11_lr_0.007": 0.01059698381771644,
  "fpcs_9_data_bspline_19_component_fourier_15_lr_0.01": 0.009921139727036158,
  "fpcs_9_data_fourier_11_component_fourier_15_lr_0.03": 0.0100558885683616,
  "fpcs_9_data_fourier_11_component_fourier_9_lr_0.015": 0.010393037491788467,
  "fpcs_9_data_bspline_19_component_fourier_19_lr_0.021": 0.010068226729830107,
  "fpcs_9_data_bspline_19_component_bspline_9_lr_0.002": 0.01072898997614781,
  "fpcs_9_data_bspline_9_component_bspline_19_lr_0.013": 0.010224387360115847,
  "fpcs_9_data_bspline_11_component_bspline_19_lr_0.018": 0.0094437920798858,
  "fpcs_9_data_bspline_15_component_bspline_19_lr_0.025": 0.010311440005898476,
  "fpcs_9_data_fourier_15_component_bspline_9_lr_0.023": 0.010144033841788769,
  "fpcs_9_data_fourier_11_component_bspline_19_lr_0.014": 0.010750526872773966,
  "fpcs_9_data_bspline_19_component_bspline_9_lr_0.024": 0.009664037513236206,
  "fpcs_9_data_bspline_9_component_bspline_9_lr_0.018": 0.010397141830374797,
  "fpcs_9_data_fourier_11_component_fourier_15_lr_0.02": 0.009946293197572231,
  "fpcs_9_data_fourier_15_component_bspline_11_lr_0.019": 0.010137203770379225,
  "fpcs_9_data_bspline_9_component_bspline_9_lr_0.025": 0.009977853205054997,
  "fpcs_9_data_bspline_15_component_bspline_15_lr_0.029": 0.009866646987696489,
  "fpcs_9_data_fourier_15_component_fourier_19_lr_0.022": 0.010869294342895347,
  "fpcs_9_data_fourier_9_component_fourier_11_lr_0.02": 0.010208624880760908,
  "fpcs_9_data_bspline_15_component_bspline_15_lr_0.02": 0.009720802710702022,
  "fpcs_9_data_fourier_19_component_bspline_9_lr_0.001": 0.011943872024615604,
  "fpcs_9_data_fourier_15_component_fourier_9_lr_0.015": 0.010522407107055187,
  "fpcs_9_data_bspline_15_component_bspline_11_lr_0.008": 0.009467839666952688,
  "fpcs_9_data_bspline_19_component_bspline_11_lr_0.027": 0.009490562416613101,
  "fpcs_9_data_fourier_15_component_bspline_15_lr_0.016": 0.010409105227639277,
  "fpcs_9_data_fourier_19_component_fourier_15_lr_0.014": 0.010112547129392623,
  "fpcs_9_data_fourier_11_component_fourier_11_lr_0.021": 0.00990236271172762
}