{
  "data_bspline_5_coef_bspline_5": 0.24042308198451404,
  "data_bspline_5_coef_bspline_7": 0.2404230819845144,
  "data_bspline_5_coef_bspline_9": 0.24042308198451381,
  "data_bspline_5_coef_fourier_5": 0.24042308198451448,
  "data_bspline_5_coef_fourier_7": 0.2404230819845144,
  "data_bspline_5_coef_fourier_9": 0.24042308198451434,
  "data_bspline_7_coef_bspline_5": 0.24047252867488705,
  "data_bspline_7_coef_bspline_7": 0.2457131915643335,
  "data_bspline_7_coef_bspline_9": 0.24571319156931634,
  "data_bspline_7_coef_fourier_5": 0.2462177390297851,
  "data_bspline_7_coef_fourier_7": 0.24571319156433247,
  "data_bspline_7_coef_fourier_9": 0.2457131915643326,
  "data_bspline_9_coef_bspline_5": 0.24043465666811978,
  "data_bspline_9_coef_bspline_7": 0.24615838921330022,
  "data_bspline_9_coef_bspline_9": 0.24496442584242373,
  "data_bspline_9_coef_fourier_5": 0.2456562007904207,
  "data_bspline_9_coef_fourier_7": 0.24732947002473948,
  "data_bspline_9_coef_fourier_9": 0.2449644254996716,
  "data_fourier_5_coef_bspline_5": 0.2458927680741237,
  "data_fourier_5_coef_bspline_7": 0.24589276807412408,
  "data_fourier_5_coef_bspline_9": 0.2458927680741246,
  "data_fourier_5_coef_fourier_5": 0.2458927680741239,
  "data_fourier_5_coef_fourier_7": 0.24589276807412422,
  "data_fourier_5_coef_fourier_9": 0.24589276807412408,
  "data_fourier_7_coef_bspline_5": 0.24637104621897757,
  "data_fourier_7_coef_bspline_7": 0.2490324510401134,
  "data_fourier_7_coef_bspline_9": 0.24903245103784225,
  "data_fourier_7_coef_fourier_5": 0.24589244815520753,
  "data_fourier_7_coef_fourier_7": 0.2490324510401125,
  "data_fourier_7_coef_fourier_9": 0.24903245104011312,
  "data_fourier_9_coef_bspline_5": 0.2435256814892675,
  "data_fourier_9_coef_bspline_7": 0.24592452452525584,
  "data_fourier_9_coef_bspline_9": 0.24912661144796103,
  "data_fourier_9_coef_fourier_5": 0.24583852421197117,
  "data_fourier_9_coef_fourier_7": 0.24899882088870032,
  "data_fourier_9_coef_fourier_9": 0.24912661145329915
}