{
  "data_bspline_5_coef_bspline_5": 0.18072627878964057,
  "data_bspline_5_coef_bspline_7": 0.18072627878964037,
  "data_bspline_5_coef_bspline_9": 0.18072627878964115,
  "data_bspline_5_coef_fourier_5": 0.1807262787896407,
  "data_bspline_5_coef_fourier_7": 0.18072627878964054,
  "data_bspline_5_coef_fourier_9": 0.18072627878964048,
  "data_bspline_7_coef_bspline_5": 0.1806225451415216,
  "data_bspline_7_coef_bspline_7": 0.18335188617308676,
  "data_bspline_7_coef_bspline_9": 0.18335188617334755,
  "data_bspline_7_coef_fourier_5": 0.1819077412379803,
  "data_bspline_7_coef_fourier_7": 0.18335188617308656,
  "data_bspline_7_coef_fourier_9": 0.18335188617308684,
  "data_bspline_9_coef_bspline_5": 0.18070260529647872,
  "data_bspline_9_coef_bspline_7": 0.1837241077615093,
  "data_bspline_9_coef_bspline_9": 0.16463710746807947,
  "data_bspline_9_coef_fourier_5": 0.18836976394270144,
  "data_bspline_9_coef_fourier_7": 0.17391669704956783,
  "data_bspline_9_coef_fourier_9": 0.16463710748344357,
  "data_fourier_5_coef_bspline_5": 0.18788422986997558,
  "data_fourier_5_coef_bspline_7": 0.18788422986997427,
  "data_fourier_5_coef_bspline_9": 0.1878842298699747,
  "data_fourier_5_coef_fourier_5": 0.18788422986997483,
  "data_fourier_5_coef_fourier_7": 0.18788422986997474,
  "data_fourier_5_coef_fourier_9": 0.18788422986997477,
  "data_fourier_7_coef_bspline_5": 0.17333454637021112,
  "data_fourier_7_coef_bspline_7": 0.16966269959463048,
  "data_fourier_7_coef_bspline_9": 0.16966269959399943,
  "data_fourier_7_coef_fourier_5": 0.1878196472620863,
  "data_fourier_7_coef_fourier_7": 0.169662699594631,
  "data_fourier_7_coef_fourier_9": 0.169662699594631,
  "data_fourier_9_coef_bspline_5": 0.17643289566831144,
  "data_fourier_9_coef_bspline_7": 0.180529162426101,
  "data_fourier_9_coef_bspline_9": 0.17110824929628426,
  "data_fourier_9_coef_fourier_5": 0.18786695822392643,
  "data_fourier_9_coef_fourier_7": 0.16968509225481715,
  "data_fourier_9_coef_fourier_9": 0.1711082492964902
}