{
  "data_bspline_5_coef_bspline_5": 0.10324262255492864,
  "data_bspline_5_coef_bspline_7": 0.10324262255492889,
  "data_bspline_5_coef_bspline_9": 0.10324262255492855,
  "data_bspline_5_coef_fourier_5": 0.10324262255492866,
  "data_bspline_5_coef_fourier_7": 0.10324262255492911,
  "data_bspline_5_coef_fourier_9": 0.10324262255492903,
  "data_bspline_7_coef_bspline_5": 0.1032918492629398,
  "data_bspline_7_coef_bspline_7": 0.104371432294458,
  "data_bspline_7_coef_bspline_9": 0.1043714322933504,
  "data_bspline_7_coef_fourier_5": 0.10349411754889692,
  "data_bspline_7_coef_fourier_7": 0.10437143229445725,
  "data_bspline_7_coef_fourier_9": 0.10437143229445708,
  "data_bspline_9_coef_bspline_5": 0.10323028914739266,
  "data_bspline_9_coef_bspline_7": 0.10417752506012885,
  "data_bspline_9_coef_bspline_9": 0.10247065815486181,
  "data_bspline_9_coef_fourier_5": 0.10369744852264347,
  "data_bspline_9_coef_fourier_7": 0.10176156809931827,
  "data_bspline_9_coef_fourier_9": 0.10247065815484249,
  "data_fourier_5_coef_bspline_5": 0.10370996044441749,
  "data_fourier_5_coef_bspline_7": 0.10370996044441745,
  "data_fourier_5_coef_bspline_9": 0.10370996044441824,
  "data_fourier_5_coef_fourier_5": 0.10370996044441778,
  "data_fourier_5_coef_fourier_7": 0.10370996044441787,
  "data_fourier_5_coef_fourier_9": 0.10370996044441769,
  "data_fourier_7_coef_bspline_5": 0.10248070871430995,
  "data_fourier_7_coef_bspline_7": 0.1017080999217244,
  "data_fourier_7_coef_bspline_9": 0.10170809992194998,
  "data_fourier_7_coef_fourier_5": 0.10367731478369276,
  "data_fourier_7_coef_fourier_7": 0.10170809992172433,
  "data_fourier_7_coef_fourier_9": 0.1017080999217245,
  "data_fourier_9_coef_bspline_5": 0.1025636543760349,
  "data_fourier_9_coef_bspline_7": 0.10386476291259643,
  "data_fourier_9_coef_bspline_9": 0.10184234837579628,
  "data_fourier_9_coef_fourier_5": 0.10371018090497483,
  "data_fourier_9_coef_fourier_7": 0.10171145301110784,
  "data_fourier_9_coef_fourier_9": 0.10184234837600906
}