{
  "hat_locallinear_bw_0.46_k_14_basis_bspline_n_7": 0.012643397600082294,
  "hat_kneighbors_bw_0.31_k_14_basis_bspline_n_7": 0.011201451772339655,
  "hat_locallinear_bw_0.22_k_5_basis_bspline_n_15": 0.023759745715428854,
  "hat_kneighbors_bw_0.35_k_10_basis_fourier_n_15": 0.011528143148412367,
  "hat_nadarayawatson_bw_0.79_k_6_basis_bspline_n_7": 0.013969137532495993,
  "hat_nadarayawatson_bw_0.31_k_12_basis_bspline_n_11": 0.01134169886966668,
  "hat_nadarayawatson_bw_0.79_k_10_basis_fourier_n_5": 0.013969137532495993,
  "hat_kneighbors_bw_0.22_k_2_basis_fourier_n_9": 0.01812407788872956,
  "hat_locallinear_bw_0.52_k_18_basis_fourier_n_11": 0.01223016776221872,
  "hat_locallinear_bw_0.62_k_6_basis_fourier_n_9": 0.011821469881703215,
  "hat_kneighbors_bw_0.4_k_15_basis_fourier_n_5": 0.011118704486781136,
  "hat_nadarayawatson_bw_0.51_k_14_basis_bspline_n_11": 0.011722167832263007,
  "hat_locallinear_bw_0.53_k_18_basis_fourier_n_15": 0.013372655050784638,
  "hat_kneighbors_bw_0.62_k_7_basis_fourier_n_7": 0.012242238961038198,
  "hat_nadarayawatson_bw_0.35_k_2_basis_bspline_n_7": 0.011298885690739998,
  "hat_kneighbors_bw_0.27_k_8_basis_fourier_n_15": 0.01197710034926839,
  "hat_nadarayawatson_bw_0.4_k_17_basis_bspline_n_5": 0.011344907023002535,
  "hat_kneighbors_bw_0.51_k_4_basis_fourier_n_7": 0.014113233116357048,
  "hat_locallinear_bw_0.55_k_15_basis_bspline_n_5": 0.0120568931477796,
  "hat_kneighbors_bw_0.34_k_12_basis_bspline_n_5": 0.01127058746297763,
  "hat_kneighbors_bw_0.54_k_13_basis_fourier_n_7": 0.011354928375524941,
  "hat_nadarayawatson_bw_0.14_k_12_basis_fourier_n_11": 0.01491319624530257,
  "hat_kneighbors_bw_0.29_k_12_basis_fourier_n_9": 0.01127058746297763,
  "hat_nadarayawatson_bw_0.55_k_11_basis_bspline_n_7": 0.01193906770132309,
  "hat_locallinear_bw_0.64_k_7_basis_fourier_n_9": 0.011780995246881013,
  "hat_nadarayawatson_bw_0.25_k_13_basis_bspline_n_5": 0.011639527437973456,
  "hat_locallinear_bw_0.34_k_15_basis_fourier_n_5": 0.012863750040086186,
  "hat_kneighbors_bw_0.51_k_17_basis_bspline_n_5": 0.01124041242322795,
  "hat_nadarayawatson_bw_0.52_k_14_basis_fourier_n_7": 0.011772661335917678,
  "hat_locallinear_bw_0.22_k_6_basis_fourier_n_7": 0.017347953907226828,
  "hat_kneighbors_bw_0.2_k_18_basis_fourier_n_7": 0.011175391484898312,
  "hat_kneighbors_bw_0.4_k_2_basis_fourier_n_11": 0.01812407788872956,
  "hat_nadarayawatson_bw_0.15_k_8_basis_bspline_n_11": 0.014305140851702852,
  "hat_locallinear_bw_0.22_k_12_basis_fourier_n_15": 0.027120256579478568,
  "hat_nadarayawatson_bw_0.36_k_3_basis_bspline_n_15": 0.011300395368820963,
  "hat_kneighbors_bw_0.35_k_15_basis_fourier_n_11": 0.011118704486781136,
  "hat_kneighbors_bw_0.49_k_7_basis_fourier_n_15": 0.012242238961038198,
  "hat_kneighbors_bw_0.32_k_15_basis_fourier_n_15": 0.011118704486781136,
  "hat_kneighbors_bw_0.32_k_7_basis_fourier_n_11": 0.012242238961038198,
  "hat_nadarayawatson_bw_0.52_k_17_basis_fourier_n_9": 0.011772661335917678,
  "hat_locallinear_bw_0.52_k_18_basis_bspline_n_11": 0.012384750975668542,
  "hat_kneighbors_bw_0.32_k_17_basis_fourier_n_7": 0.01124041242322795,
  "hat_locallinear_bw_0.32_k_14_basis_bspline_n_15": 0.016550329930613197,
  "hat_locallinear_bw_0.79_k_15_basis_bspline_n_5": 0.011318037582222629,
  "hat_locallinear_bw_0.58_k_2_basis_bspline_n_7": 0.012000544285430969,
  "hat_nadarayawatson_bw_0.63_k_11_basis_bspline_n_15": 0.012486330228766421,
  "hat_kneighbors_bw_0.52_k_8_basis_bspline_n_5": 0.01197710034926839,
  "hat_nadarayawatson_bw_0.8_k_10_basis_fourier_n_7": 0.014076045362157823,
  "hat_kneighbors_bw_0.8_k_10_basis_fourier_n_7": 0.011528143148412367
}