{
  "data_bspline_5_coef_bspline_5": 0.2539257829150427,
  "data_bspline_5_coef_bspline_7": 0.2539257829150431,
  "data_bspline_5_coef_bspline_9": 0.2539257829150426,
  "data_bspline_5_coef_fourier_5": 0.25392578291504264,
  "data_bspline_5_coef_fourier_7": 0.2539257829150428,
  "data_bspline_5_coef_fourier_9": 0.2539257829150424,
  "data_bspline_7_coef_bspline_5": 0.2538956914523097,
  "data_bspline_7_coef_bspline_7": 0.2571276226060738,
  "data_bspline_7_coef_bspline_9": 0.2571276226062899,
  "data_bspline_7_coef_fourier_5": 0.2549819698804763,
  "data_bspline_7_coef_fourier_7": 0.25712762260607325,
  "data_bspline_7_coef_fourier_9": 0.2571276226060738,
  "data_bspline_9_coef_bspline_5": 0.2539062583541866,
  "data_bspline_9_coef_bspline_7": 0.2570852573604843,
  "data_bspline_9_coef_bspline_9": 0.2605763346006459,
  "data_bspline_9_coef_fourier_5": 0.25479520319481397,
  "data_bspline_9_coef_fourier_7": 0.2586378296744994,
  "data_bspline_9_coef_fourier_9": 0.26057633461304136,
  "data_fourier_5_coef_bspline_5": 0.2546883447428639,
  "data_fourier_5_coef_bspline_7": 0.25468834474286395,
  "data_fourier_5_coef_bspline_9": 0.25468834474286417,
  "data_fourier_5_coef_fourier_5": 0.2546883447428637,
  "data_fourier_5_coef_fourier_7": 0.2546883447428638,
  "data_fourier_5_coef_fourier_9": 0.25468834474286395,
  "data_fourier_7_coef_bspline_5": 0.2557509136261632,
  "data_fourier_7_coef_bspline_7": 0.2605493089444505,
  "data_fourier_7_coef_bspline_9": 0.2605493089430776,
  "data_fourier_7_coef_fourier_5": 0.2546835741893559,
  "data_fourier_7_coef_fourier_7": 0.26054930894444917,
  "data_fourier_7_coef_fourier_9": 0.26054930894444894,
  "data_fourier_9_coef_bspline_5": 0.25439709924253806,
  "data_fourier_9_coef_bspline_7": 0.26074045733893725,
  "data_fourier_9_coef_bspline_9": 0.2645038961358457,
  "data_fourier_9_coef_fourier_5": 0.25469318207450115,
  "data_fourier_9_coef_fourier_7": 0.2605256040131607,
  "data_fourier_9_coef_fourier_9": 0.26450389613837383
}