{
  "raw_7_lr0.05": 0.26038191616535183,
  "fpca_7_data_fourier_15_component_bspline_19_lr_0.036": 0.31947758893171946,
  "fpca_7_data_bspline_11_component_bspline_15_lr_0.009": 0.31125929752985637,
  "fpca_7_data_fourier_15_component_bspline_11_lr_0.015": 0.35194606681664786,
  "fpca_7_data_fourier_15_component_fourier_19_lr_0.03": 0.32492605845133465,
  "fpca_7_data_bspline_9_component_bspline_11_lr_0.059": 0.31017106771469116,
  "fpca_7_data_fourier_19_component_fourier_15_lr_0.01": 0.32147315045197805,
  "fpca_7_data_fourier_9_component_fourier_19_lr_0.002": 0.37386308908462523,
  "fpca_7_data_bspline_19_component_bspline_11_lr_0.07": 0.3011638253927231,
  "fpca_7_data_fourier_9_component_fourier_15_lr_0.085": 0.292746044198672,
  "fpca_7_data_bspline_19_component_bspline_15_lr_0.016": 0.31979854305585226,
  "fpca_7_data_fourier_9_component_bspline_11_lr_0.08": 0.31982089082400006,
  "fpca_7_data_fourier_9_component_bspline_11_lr_0.073": 0.30207390983899435,
  "fpca_7_data_bspline_11_component_bspline_11_lr_0.071": 0.3009364982446035,
  "fpca_7_data_bspline_9_component_bspline_19_lr_0.053": 0.28591536978880566,
  "fpca_7_data_fourier_19_component_bspline_11_lr_0.005": 0.3522026926279069,
  "fpca_7_data_fourier_19_component_fourier_11_lr_0.097": 0.2968550612529119,
  "fpca_7_data_fourier_9_component_fourier_15_lr_0.033": 0.2622724692026774,
  "fpca_7_data_bspline_15_component_fourier_11_lr_0.056": 0.2918508221705755,
  "fpca_7_data_fourier_11_component_fourier_9_lr_0.065": 0.2921626468499502,
  "fpca_7_data_fourier_11_component_bspline_11_lr_0.099": 0.2878256320953369,
  "fpca_7_data_bspline_11_component_bspline_15_lr_0.002": 0.31618116994698836,
  "fpca_7_data_bspline_19_component_bspline_11_lr_0.084": 0.2889037400484085,
  "fpca_7_data_fourier_19_component_fourier_15_lr_0.05": 0.29515424370765686,
  "fpca_7_data_fourier_11_component_bspline_15_lr_0.069": 0.2639032036066055,
  "fpca_7_data_fourier_11_component_bspline_11_lr_0.057": 0.30196752846240993,
  "fpca_7_data_bspline_19_component_bspline_11_lr_0.009": 0.32531058688958486,
  "fpca_7_data_bspline_19_component_fourier_19_lr_0.016": 0.31836381554603577,
  "fpca_7_data_fourier_19_component_fourier_15_lr_0.084": 0.2964114079872767,
  "fpca_7_data_bspline_9_component_fourier_19_lr_0.009": 0.3175206780433655,
  "fpca_7_data_bspline_9_component_bspline_9_lr_0.042": 0.2929837514956792,
  "fpca_7_data_fourier_9_component_bspline_19_lr_0.015": 0.3120347708463669,
  "fpca_7_data_fourier_11_component_bspline_9_lr_0.043": 0.3327185998360316,
  "fpca_7_data_fourier_15_component_bspline_19_lr_0.062": 0.29274449149767556,
  "fpca_7_data_bspline_11_component_fourier_9_lr_0.052": 0.2524849116802215,
  "fpca_7_data_fourier_9_component_bspline_9_lr_0.064": 0.3314552476008733,
  "fpca_7_data_bspline_9_component_fourier_19_lr_0.026": 0.3252909392118454,
  "fpca_7_data_bspline_15_component_bspline_9_lr_0.059": 0.27015413542588557,
  "fpca_7_data_bspline_19_component_fourier_9_lr_0.059": 0.28324290812015535,
  "fpca_7_data_bspline_11_component_bspline_19_lr_0.017": 0.297595872481664,
  "fpca_7_data_bspline_15_component_bspline_11_lr_0.01": 0.2882306804259618,
  "fpca_7_data_fourier_15_component_bspline_9_lr_0.093": 0.30189011891682943,
  "fpca_7_data_bspline_15_component_fourier_9_lr_0.078": 0.28548173705736796,
  "fpca_7_data_bspline_19_component_fourier_19_lr_0.035": 0.30694514413674673,
  "fpca_7_data_bspline_9_component_bspline_19_lr_0.069": 0.3064262916644414,
  "fpca_7_data_fourier_11_component_fourier_15_lr_0.009": 0.3193844864765803,
  "fpca_7_data_fourier_9_component_fourier_11_lr_0.023": 0.28612130880355835,
  "fpca_7_data_bspline_15_component_bspline_11_lr_0.043": 0.2974058926105499,
  "fpca_7_data_bspline_15_component_bspline_9_lr_0.023": 0.2876284231742223,
  "fpca_7_data_bspline_11_component_fourier_11_lr_0.083": 0.30218292971452076,
  "fpca_7_data_bspline_15_component_fourier_15_lr_0.037": 0.2736736466487249,
  "raw_9_lr0.05": 0.3379343678553899,
  "fpca_9_data_fourier_15_component_bspline_19_lr_0.036": 0.31169884105523427,
  "fpca_9_data_bspline_11_component_bspline_15_lr_0.009": 0.3843225260575613,
  "fpca_9_data_fourier_15_component_bspline_11_lr_0.015": 0.3040758033593496,
  "fpca_9_data_fourier_15_component_fourier_19_lr_0.03": 0.3282201886177063,
  "fpca_9_data_bspline_9_component_bspline_11_lr_0.059": 0.3116229176521301,
  "fpca_9_data_fourier_19_component_fourier_15_lr_0.01": 0.3632221053044002,
  "fpca_9_data_fourier_9_component_fourier_19_lr_0.002": 0.4458711822827657,
  "fpca_9_data_bspline_19_component_bspline_11_lr_0.07": 0.34686642090479536,
  "fpca_9_data_fourier_9_component_fourier_15_lr_0.085": 0.3532754470904668,
  "fpca_9_data_bspline_19_component_bspline_15_lr_0.016": 0.3509936521450679,
  "fpca_9_data_fourier_9_component_bspline_11_lr_0.08": 0.40056859453519184,
  "fpca_9_data_fourier_9_component_bspline_11_lr_0.073": 0.3588784734408061,
  "fpca_9_data_bspline_11_component_bspline_11_lr_0.071": 0.30920117298762,
  "fpca_9_data_bspline_9_component_bspline_19_lr_0.053": 0.3803199072678884,
  "fpca_9_data_fourier_19_component_bspline_11_lr_0.005": 0.3811628023783366,
  "fpca_9_data_fourier_19_component_fourier_11_lr_0.097": 0.33367634713649746,
  "fpca_9_data_fourier_9_component_fourier_15_lr_0.033": 0.3196511149406433,
  "fpca_9_data_bspline_15_component_fourier_11_lr_0.056": 0.3102039009332657,
  "fpca_9_data_fourier_11_component_fourier_9_lr_0.065": 0.30671037137508395,
  "fpca_9_data_fourier_11_component_bspline_11_lr_0.099": 0.337972445289294,
  "fpca_9_data_bspline_11_component_bspline_15_lr_0.002": 0.39635741909344996,
  "fpca_9_data_bspline_19_component_bspline_11_lr_0.084": 0.34914482931296026,
  "fpca_9_data_fourier_19_component_fourier_15_lr_0.05": 0.3402836213509242,
  "fpca_9_data_fourier_11_component_bspline_15_lr_0.069": 0.36015341381231947,
  "fpca_9_data_fourier_11_component_bspline_11_lr_0.057": 0.3331227054198583,
  "fpca_9_data_bspline_19_component_bspline_11_lr_0.009": 0.3558296263217926,
  "fpca_9_data_bspline_19_component_fourier_19_lr_0.016": 0.3298349469900131,
  "fpca_9_data_fourier_19_component_fourier_15_lr_0.084": 0.3214606394370397,
  "fpca_9_data_bspline_9_component_fourier_19_lr_0.009": 0.385380748907725,
  "fpca_9_data_bspline_9_component_bspline_9_lr_0.042": 0.3508496145407358,
  "fpca_9_data_fourier_9_component_bspline_19_lr_0.015": 0.35746796131134034,
  "fpca_9_data_fourier_11_component_bspline_9_lr_0.043": 0.37677517036596936,
  "fpca_9_data_fourier_15_component_bspline_19_lr_0.062": 0.32223749260107676,
  "fpca_9_data_bspline_11_component_fourier_9_lr_0.052": 0.31778527994950617,
  "fpca_9_data_fourier_9_component_bspline_9_lr_0.064": 0.3198530584573746,
  "fpca_9_data_bspline_9_component_fourier_19_lr_0.026": 0.36213406026363365,
  "fpca_9_data_bspline_15_component_bspline_9_lr_0.059": 0.3385654737552007,
  "fpca_9_data_bspline_19_component_fourier_9_lr_0.059": 0.3249592085679372,
  "fpca_9_data_bspline_11_component_bspline_19_lr_0.017": 0.3380821893612544,
  "fpca_9_data_bspline_15_component_bspline_11_lr_0.01": 0.37560664017995204,
  "fpca_9_data_fourier_15_component_bspline_9_lr_0.093": 0.33419813811779026,
  "fpca_9_data_bspline_15_component_fourier_9_lr_0.078": 0.3575608005126318,
  "fpca_9_data_bspline_19_component_fourier_19_lr_0.035": 0.3366456429163615,
  "fpca_9_data_bspline_9_component_bspline_19_lr_0.069": 0.3328416287899017,
  "fpca_9_data_fourier_11_component_fourier_15_lr_0.009": 0.3737245996793111,
  "fpca_9_data_fourier_9_component_fourier_11_lr_0.023": 0.357177296280861,
  "fpca_9_data_bspline_15_component_bspline_11_lr_0.043": 0.3576298276583354,
  "fpca_9_data_bspline_15_component_bspline_9_lr_0.023": 0.37553328573703765,
  "fpca_9_data_bspline_11_component_fourier_11_lr_0.083": 0.33260552485783895,
  "fpca_9_data_bspline_15_component_fourier_15_lr_0.037": 0.3307434250911077
}