{
  "data_bspline_5_coef_bspline_5": 0.011072762353274672,
  "data_bspline_5_coef_bspline_7": 0.011072762353274708,
  "data_bspline_5_coef_bspline_9": 0.011072762353274725,
  "data_bspline_5_coef_fourier_5": 0.011072762353274708,
  "data_bspline_5_coef_fourier_7": 0.01107276235327472,
  "data_bspline_5_coef_fourier_9": 0.011072762353274734,
  "data_bspline_7_coef_bspline_5": 0.011074453322513753,
  "data_bspline_7_coef_bspline_7": 0.01121722616362092,
  "data_bspline_7_coef_bspline_9": 0.01121722616361472,
  "data_bspline_7_coef_fourier_5": 0.011080055983067622,
  "data_bspline_7_coef_fourier_7": 0.011217226163620907,
  "data_bspline_7_coef_fourier_9": 0.011217226163620935,
  "data_bspline_9_coef_bspline_5": 0.011069466337299912,
  "data_bspline_9_coef_bspline_7": 0.011227535768209548,
  "data_bspline_9_coef_bspline_9": 0.011496197562949203,
  "data_bspline_9_coef_fourier_5": 0.01113780613721169,
  "data_bspline_9_coef_fourier_7": 0.011334174481811378,
  "data_bspline_9_coef_fourier_9": 0.011496197563146607,
  "data_fourier_5_coef_bspline_5": 0.01112759646894921,
  "data_fourier_5_coef_bspline_7": 0.011127596468949258,
  "data_fourier_5_coef_bspline_9": 0.011127596468949133,
  "data_fourier_5_coef_fourier_5": 0.011127596468949163,
  "data_fourier_5_coef_fourier_7": 0.011127596468949157,
  "data_fourier_5_coef_fourier_9": 0.011127596468949163,
  "data_fourier_7_coef_bspline_5": 0.011078377189005673,
  "data_fourier_7_coef_bspline_7": 0.011294916537691341,
  "data_fourier_7_coef_bspline_9": 0.011294916537662809,
  "data_fourier_7_coef_fourier_5": 0.011128099847448301,
  "data_fourier_7_coef_fourier_7": 0.011294916537691439,
  "data_fourier_7_coef_fourier_9": 0.011294916537691446,
  "data_fourier_9_coef_bspline_5": 0.011030251337360249,
  "data_fourier_9_coef_bspline_7": 0.01125220657898129,
  "data_fourier_9_coef_bspline_9": 0.011256659230410356,
  "data_fourier_9_coef_fourier_5": 0.011128262292980072,
  "data_fourier_9_coef_fourier_7": 0.011295453231431348,
  "data_fourier_9_coef_fourier_9": 0.011256659230477105
}