{
  "raw_7_lr0.05": 1.2730789264043174,
  "fpcs_7_data_fourier_15_component_fourier_9_lr_0.01": 1.127470870812734,
  "fpcs_7_data_fourier_9_component_bspline_11_lr_0.098": 1.1500513513882955,
  "fpcs_7_data_bspline_15_component_fourier_15_lr_0.09": 1.0388773719469706,
  "fpcs_7_data_bspline_15_component_bspline_9_lr_0.012": 1.2744017918904624,
  "fpcs_7_data_fourier_19_component_bspline_11_lr_0.05": 1.2491645375887552,
  "fpcs_7_data_fourier_9_component_bspline_15_lr_0.006": 1.2141544779141744,
  "fpcs_7_data_bspline_11_component_bspline_11_lr_0.096": 1.2595399578412374,
  "fpcs_7_data_bspline_19_component_bspline_11_lr_0.048": 1.15163711309433,
  "fpcs_7_data_bspline_11_component_fourier_11_lr_0.097": 1.1887779076894125,
  "fpcs_7_data_fourier_9_component_bspline_15_lr_0.02": 1.0521336237589518,
  "fpcs_7_data_bspline_15_component_fourier_15_lr_0.04": 1.0525623281796772,
  "fpcs_7_data_bspline_9_component_fourier_9_lr_0.006": 1.0364060282707215,
  "fpcs_7_data_bspline_11_component_bspline_15_lr_0.012": 1.18901713291804,
  "fpcs_7_data_bspline_19_component_bspline_19_lr_0.055": 1.248886696497599,
  "fpcs_7_data_fourier_9_component_fourier_11_lr_0.077": 1.0974739750226339,
  "fpcs_7_data_bspline_15_component_fourier_19_lr_0.028": 1.1255962570508322,
  "fpcs_7_data_bspline_11_component_bspline_19_lr_0.071": 1.1927031675974529,
  "fpcs_7_data_bspline_9_component_fourier_11_lr_0.057": 1.148261801401774,
  "fpcs_7_data_fourier_15_component_fourier_9_lr_0.037": 1.1307127356529236,
  "fpcs_7_data_fourier_19_component_fourier_9_lr_0.091": 1.105113693078359,
  "fpcs_7_data_bspline_15_component_fourier_9_lr_0.002": 1.1794774134953818,
  "fpcs_7_data_bspline_19_component_bspline_19_lr_0.054": 1.1149162570635476,
  "fpcs_7_data_fourier_11_component_fourier_15_lr_0.034": 1.2128273884455363,
  "fpcs_7_data_bspline_11_component_bspline_15_lr_0.005": 1.2182413856188457,
  "fpcs_7_data_fourier_9_component_bspline_9_lr_0.017": 1.1125537514686583,
  "fpcs_7_data_bspline_15_component_fourier_9_lr_0.026": 1.1950568278630573,
  "fpcs_7_data_bspline_15_component_bspline_19_lr_0.092": 1.155867842833201,
  "fpcs_7_data_fourier_11_component_fourier_11_lr_0.042": 1.200500233968099,
  "fpcs_7_data_bspline_9_component_bspline_11_lr_0.072": 1.1267875154813132,
  "fpcs_7_data_bspline_9_component_bspline_9_lr_0.069": 1.3078481117884317,
  "fpcs_7_data_bspline_19_component_fourier_19_lr_0.032": 1.1407438238461811,
  "fpcs_7_data_fourier_11_component_bspline_11_lr_0.075": 1.1540841420491537,
  "fpcs_7_data_bspline_15_component_bspline_15_lr_0.084": 1.0858169515927634,
  "fpcs_7_data_fourier_9_component_bspline_9_lr_0.095": 1.1184052109718323,
  "fpcs_7_data_bspline_15_component_fourier_11_lr_0.006": 1.1508183916409809,
  "fpcs_7_data_fourier_19_component_fourier_19_lr_0.044": 1.1800816257794697,
  "fpcs_7_data_fourier_11_component_bspline_11_lr_0.035": 1.2025854309399922,
  "fpcs_7_data_bspline_11_component_fourier_9_lr_0.035": 1.2806800285975137,
  "fpcs_7_data_bspline_11_component_fourier_19_lr_0.057": 1.1340730627377829,
  "fpcs_7_data_fourier_9_component_fourier_11_lr_0.039": 1.2079671978950501,
  "fpcs_7_data_bspline_11_component_fourier_15_lr_0.081": 1.1520947138468425,
  "fpcs_7_data_fourier_15_component_fourier_11_lr_0.089": 1.0835410356521606,
  "fpcs_7_data_fourier_15_component_fourier_11_lr_0.034": 1.1839682499567667,
  "fpcs_7_data_bspline_9_component_bspline_11_lr_0.063": 1.1934526522954305,
  "fpcs_7_data_bspline_15_component_fourier_9_lr_0.036": 1.1268566250801086,
  "fpcs_7_data_bspline_15_component_bspline_15_lr_0.09": 1.1078458269437155,
  "fpcs_7_data_fourier_15_component_bspline_11_lr_0.038": 1.1736755172411601,
  "fpcs_7_data_bspline_19_component_fourier_19_lr_0.082": 1.1321910699208575,
  "fpcs_7_data_fourier_19_component_fourier_19_lr_0.074": 1.1453792611757916,
  "raw_9_lr0.05": 1.2384858965873717,
  "fpcs_9_data_fourier_15_component_fourier_9_lr_0.01": 1.1973051389058431,
  "fpcs_9_data_fourier_9_component_bspline_11_lr_0.098": 1.2554105480511983,
  "fpcs_9_data_bspline_15_component_fourier_15_lr_0.09": 1.3132754524548849,
  "fpcs_9_data_bspline_15_component_bspline_9_lr_0.012": 1.179626452922821,
  "fpcs_9_data_fourier_19_component_bspline_11_lr_0.05": 1.2977145791053772,
  "fpcs_9_data_fourier_9_component_bspline_15_lr_0.006": 1.2053017338116965,
  "fpcs_9_data_bspline_11_component_bspline_11_lr_0.096": 1.3228097478548686,
  "fpcs_9_data_bspline_19_component_bspline_11_lr_0.048": 1.2577552199363708,
  "fpcs_9_data_bspline_11_component_fourier_11_lr_0.097": 1.2404168963432312,
  "fpcs_9_data_fourier_9_component_bspline_15_lr_0.02": 1.1646602312723795,
  "fpcs_9_data_bspline_15_component_fourier_15_lr_0.04": 1.192448627948761,
  "fpcs_9_data_bspline_9_component_fourier_9_lr_0.006": 1.2118543386459353,
  "fpcs_9_data_bspline_11_component_bspline_15_lr_0.012": 1.2463545759518941,
  "fpcs_9_data_bspline_19_component_bspline_19_lr_0.055": 1.1698516726493835,
  "fpcs_9_data_fourier_9_component_fourier_11_lr_0.077": 1.2424792766571044,
  "fpcs_9_data_bspline_15_component_fourier_19_lr_0.028": 1.2052260080973307,
  "fpcs_9_data_bspline_11_component_bspline_19_lr_0.071": 1.1838796257972717,
  "fpcs_9_data_bspline_9_component_fourier_11_lr_0.057": 1.2083006699879963,
  "fpcs_9_data_fourier_15_component_fourier_9_lr_0.037": 1.1525801658630372,
  "fpcs_9_data_fourier_19_component_fourier_9_lr_0.091": 1.2468779881795247,
  "fpcs_9_data_bspline_15_component_fourier_9_lr_0.002": 1.2597455739974974,
  "fpcs_9_data_bspline_19_component_bspline_19_lr_0.054": 1.2352615276972454,
  "fpcs_9_data_fourier_11_component_fourier_15_lr_0.034": 1.350429300467173,
  "fpcs_9_data_bspline_11_component_bspline_15_lr_0.005": 1.1819706598917643,
  "fpcs_9_data_fourier_9_component_bspline_9_lr_0.017": 1.1428796291351317,
  "fpcs_9_data_bspline_15_component_fourier_9_lr_0.026": 1.2886000593503317,
  "fpcs_9_data_bspline_15_component_bspline_19_lr_0.092": 1.2306507468223573,
  "fpcs_9_data_fourier_11_component_fourier_11_lr_0.042": 1.2588819940884908,
  "fpcs_9_data_bspline_9_component_bspline_11_lr_0.072": 1.1984166582425437,
  "fpcs_9_data_bspline_9_component_bspline_9_lr_0.069": 1.2804177125295004,
  "fpcs_9_data_bspline_19_component_fourier_19_lr_0.032": 1.1601111729939777,
  "fpcs_9_data_fourier_11_component_bspline_11_lr_0.075": 1.1136440952618918,
  "fpcs_9_data_bspline_15_component_bspline_15_lr_0.084": 1.1992577672004698,
  "fpcs_9_data_fourier_9_component_bspline_9_lr_0.095": 1.2246794780095418,
  "fpcs_9_data_bspline_15_component_fourier_11_lr_0.006": 1.3422901431719463,
  "fpcs_9_data_fourier_19_component_fourier_19_lr_0.044": 1.1527519702911377,
  "fpcs_9_data_fourier_11_component_bspline_11_lr_0.035": 1.1414503812789916,
  "fpcs_9_data_bspline_11_component_fourier_9_lr_0.035": 1.1830638925234476,
  "fpcs_9_data_bspline_11_component_fourier_19_lr_0.057": 1.128636622428894,
  "fpcs_9_data_fourier_9_component_fourier_11_lr_0.039": 1.2314434011777242,
  "fpcs_9_data_bspline_11_component_fourier_15_lr_0.081": 1.1860676844914753,
  "fpcs_9_data_fourier_15_component_fourier_11_lr_0.089": 1.2337940295537313,
  "fpcs_9_data_fourier_15_component_fourier_11_lr_0.034": 1.2734734932581584,
  "fpcs_9_data_bspline_9_component_bspline_11_lr_0.063": 1.1925522565841675,
  "fpcs_9_data_bspline_15_component_fourier_9_lr_0.036": 1.1758032719294231,
  "fpcs_9_data_bspline_15_component_bspline_15_lr_0.09": 1.1885574261347454,
  "fpcs_9_data_fourier_15_component_bspline_11_lr_0.038": 1.170921782652537,
  "fpcs_9_data_bspline_19_component_fourier_19_lr_0.082": 1.1158233642578124,
  "fpcs_9_data_fourier_19_component_fourier_19_lr_0.074": 1.0967644055684407
}