{
  "raw_7_lr0.05": 0.5047642141580582,
  "fpcs_7_data_fourier_19_component_bspline_11_lr_0.071": 0.7218108654022216,
  "fpcs_7_data_bspline_19_component_fourier_19_lr_0.094": 0.5483250389496486,
  "fpcs_7_data_fourier_19_component_fourier_19_lr_0.027": 0.6444147189458211,
  "fpcs_7_data_fourier_9_component_bspline_11_lr_0.092": 0.6721715291341145,
  "fpcs_7_data_fourier_11_component_fourier_9_lr_0.051": 0.6616129120190938,
  "fpcs_7_data_fourier_11_component_fourier_9_lr_0.012": 0.6822158684333166,
  "fpcs_7_data_fourier_19_component_bspline_19_lr_0.077": 0.767354534069697,
  "fpcs_7_data_bspline_9_component_bspline_11_lr_0.053": 0.5773726632197698,
  "fpcs_7_data_bspline_19_component_fourier_19_lr_0.013": 0.6008763571580251,
  "fpcs_7_data_bspline_11_component_fourier_19_lr_0.047": 0.46440411309401197,
  "fpcs_7_data_bspline_9_component_bspline_9_lr_0.096": 0.6281272634863854,
  "fpcs_7_data_bspline_19_component_bspline_9_lr_0.039": 0.5186772574981053,
  "fpcs_7_data_fourier_9_component_fourier_15_lr_0.054": 0.7227776050567627,
  "fpcs_7_data_fourier_9_component_fourier_11_lr_0.004": 0.6284777104854584,
  "fpcs_7_data_fourier_19_component_fourier_11_lr_0.049": 0.7073582808176676,
  "fpcs_7_data_fourier_15_component_bspline_19_lr_0.037": 0.5932031343380609,
  "fpcs_7_data_fourier_15_component_bspline_11_lr_0.013": 0.6379367172718048,
  "fpcs_7_data_bspline_11_component_fourier_11_lr_0.08": 1.2097614149252574,
  "fpcs_7_data_bspline_19_component_fourier_11_lr_0.051": 0.7388606995344161,
  "fpcs_7_data_fourier_15_component_bspline_11_lr_0.03": 0.6863975286483764,
  "fpcs_7_data_fourier_15_component_bspline_15_lr_0.058": 0.5325037320454916,
  "fpcs_7_data_fourier_19_component_fourier_9_lr_0.001": 0.7267119407653809,
  "fpcs_7_data_bspline_9_component_fourier_19_lr_0.099": 0.5594976305961609,
  "fpcs_7_data_bspline_19_component_fourier_11_lr_0.065": 0.6553287049134573,
  "fpcs_7_data_fourier_19_component_fourier_15_lr_0.051": 0.5591075172026952,
  "fpcs_7_data_bspline_15_component_fourier_15_lr_0.093": 0.902504430214564,
  "fpcs_7_data_fourier_15_component_fourier_11_lr_0.021": 0.6228494733572006,
  "fpcs_7_data_bspline_11_component_fourier_19_lr_0.011": 0.5124048858880996,
  "fpcs_7_data_fourier_11_component_bspline_9_lr_0.047": 0.6507690250873566,
  "fpcs_7_data_fourier_9_component_bspline_9_lr_0.029": 0.7813568711280823,
  "fpcs_7_data_bspline_9_component_fourier_19_lr_0.027": 0.6877852499485014,
  "fpcs_7_data_bspline_9_component_fourier_9_lr_0.069": 0.5818701003988584,
  "fpcs_7_data_fourier_11_component_fourier_11_lr_0.074": 0.7483866105477016,
  "fpcs_7_data_bspline_11_component_bspline_19_lr_0.053": 0.6745954314867655,
  "fpcs_7_data_bspline_15_component_fourier_11_lr_0.058": 0.7631739099820455,
  "fpcs_7_data_fourier_19_component_fourier_9_lr_0.094": 0.9595091780026753,
  "fpcs_7_data_fourier_11_component_bspline_15_lr_0.098": 1.1639190981785454,
  "fpcs_7_data_bspline_9_component_bspline_19_lr_0.047": 0.6741062104701996,
  "fpcs_7_data_fourier_15_component_fourier_9_lr_0.069": 0.7378472407658895,
  "fpcs_7_data_fourier_15_component_fourier_11_lr_0.087": 0.9224417775869368,
  "fpcs_7_data_bspline_9_component_bspline_11_lr_0.002": 0.6764878829320272,
  "fpcs_7_data_bspline_11_component_fourier_15_lr_0.008": 0.5593871821959814,
  "fpcs_7_data_fourier_19_component_bspline_9_lr_0.041": 0.6792081514994304,
  "fpcs_7_data_bspline_11_component_bspline_9_lr_0.07": 0.7089707513650257,
  "fpcs_7_data_bspline_9_component_bspline_9_lr_0.095": 0.8680121292670568,
  "fpcs_7_data_fourier_11_component_fourier_19_lr_0.018": 0.5726255387067795,
  "fpcs_7_data_fourier_15_component_fourier_15_lr_0.061": 0.5850275009870529,
  "fpcs_7_data_bspline_19_component_fourier_19_lr_0.087": 0.8169653336207072,
  "fpcs_7_data_bspline_11_component_fourier_11_lr_0.081": 0.8770714402198792,
  "fpcs_7_data_fourier_15_component_bspline_11_lr_0.01": 0.6038279960552851,
  "raw_9_lr0.05": 0.8634894639253616,
  "fpcs_9_data_fourier_19_component_bspline_11_lr_0.071": 1.3746621320645014,
  "fpcs_9_data_bspline_19_component_fourier_19_lr_0.094": 0.8884953538576763,
  "fpcs_9_data_fourier_19_component_fourier_19_lr_0.027": 0.6673692395289739,
  "fpcs_9_data_fourier_9_component_bspline_11_lr_0.092": 1.2124064445495606,
  "fpcs_9_data_fourier_11_component_fourier_9_lr_0.051": 1.4550716295838357,
  "fpcs_9_data_fourier_11_component_fourier_9_lr_0.012": 0.782510499159495,
  "fpcs_9_data_fourier_19_component_bspline_19_lr_0.077": 0.7902410080035528,
  "fpcs_9_data_bspline_9_component_bspline_11_lr_0.053": 1.2389902651309967,
  "fpcs_9_data_bspline_19_component_fourier_19_lr_0.013": 0.7829004089037577,
  "fpcs_9_data_bspline_11_component_fourier_19_lr_0.047": 0.9054922978083292,
  "fpcs_9_data_bspline_9_component_bspline_9_lr_0.096": 1.4143961946169534,
  "fpcs_9_data_bspline_19_component_bspline_9_lr_0.039": 1.1064244170983633,
  "fpcs_9_data_fourier_9_component_fourier_15_lr_0.054": 1.4660688996315,
  "fpcs_9_data_fourier_9_component_fourier_11_lr_0.004": 0.962373306353887,
  "fpcs_9_data_fourier_19_component_fourier_11_lr_0.049": 0.6925837606191635,
  "fpcs_9_data_fourier_15_component_bspline_19_lr_0.037": 0.7098033001025517,
  "fpcs_9_data_fourier_15_component_bspline_11_lr_0.013": 0.6953628132740657,
  "fpcs_9_data_bspline_11_component_fourier_11_lr_0.08": 1.1272430176536241,
  "fpcs_9_data_bspline_19_component_fourier_11_lr_0.051": 0.7670631210009257,
  "fpcs_9_data_fourier_15_component_bspline_11_lr_0.03": 0.7639105369647344,
  "fpcs_9_data_fourier_15_component_bspline_15_lr_0.058": 0.7710675915082295,
  "fpcs_9_data_fourier_19_component_fourier_9_lr_0.001": 1.000612529118856,
  "fpcs_9_data_bspline_9_component_fourier_19_lr_0.099": 1.3300595661004384,
  "fpcs_9_data_bspline_19_component_fourier_11_lr_0.065": 0.9221622467041014,
  "fpcs_9_data_fourier_19_component_fourier_15_lr_0.051": 0.9598297814528148,
  "fpcs_9_data_bspline_15_component_fourier_15_lr_0.093": 1.2575265765190125,
  "fpcs_9_data_fourier_15_component_fourier_11_lr_0.021": 0.7236123740673065,
  "fpcs_9_data_bspline_11_component_fourier_19_lr_0.011": 0.7422613839308422,
  "fpcs_9_data_fourier_11_component_bspline_9_lr_0.047": 0.9915757109721502,
  "fpcs_9_data_fourier_9_component_bspline_9_lr_0.029": 0.9626376916964849,
  "fpcs_9_data_bspline_9_component_fourier_19_lr_0.027": 0.7813546737035115,
  "fpcs_9_data_bspline_9_component_fourier_9_lr_0.069": 1.5901468674341839,
  "fpcs_9_data_fourier_11_component_fourier_11_lr_0.074": 1.2237587372461955,
  "fpcs_9_data_bspline_11_component_bspline_19_lr_0.053": 1.159832912683487,
  "fpcs_9_data_bspline_15_component_fourier_11_lr_0.058": 0.8086432894070944,
  "fpcs_9_data_fourier_19_component_fourier_9_lr_0.094": 1.2851694424947102,
  "fpcs_9_data_fourier_11_component_bspline_15_lr_0.098": 1.144973603884379,
  "fpcs_9_data_bspline_9_component_bspline_19_lr_0.047": 0.9019999255736669,
  "fpcs_9_data_fourier_15_component_fourier_9_lr_0.069": 1.2485274116198222,
  "fpcs_9_data_fourier_15_component_fourier_11_lr_0.087": 1.1151929318904876,
  "fpcs_9_data_bspline_9_component_bspline_11_lr_0.002": 0.8391259213288625,
  "fpcs_9_data_bspline_11_component_fourier_15_lr_0.008": 0.8089029033978781,
  "fpcs_9_data_fourier_19_component_bspline_9_lr_0.041": 0.8176760574181875,
  "fpcs_9_data_bspline_11_component_bspline_9_lr_0.07": 1.3043919305006664,
  "fpcs_9_data_bspline_9_component_bspline_9_lr_0.095": 1.4123115360736846,
  "fpcs_9_data_fourier_11_component_fourier_19_lr_0.018": 0.8571269402901333,
  "fpcs_9_data_fourier_15_component_fourier_15_lr_0.061": 0.9733725840846699,
  "fpcs_9_data_bspline_19_component_fourier_19_lr_0.087": 0.7432445029417675,
  "fpcs_9_data_bspline_11_component_fourier_11_lr_0.081": 1.6145328015089033,
  "fpcs_9_data_fourier_15_component_bspline_11_lr_0.01": 0.551511557896932
}