{
  "hat_kneighbors_bw_0.78_k_12_basis_fourier_n_15": 0.01363442561637101,
  "hat_nadarayawatson_bw_0.5_k_14_basis_bspline_n_9": 0.013132289344495212,
  "hat_locallinear_bw_0.37_k_15_basis_bspline_n_15": 0.019775857322154543,
  "hat_nadarayawatson_bw_0.73_k_9_basis_fourier_n_7": 0.01551165631354411,
  "hat_nadarayawatson_bw_0.99_k_18_basis_fourier_n_11": 0.019474627107857218,
  "hat_locallinear_bw_0.29_k_6_basis_fourier_n_15": 0.02662410781989406,
  "hat_nadarayawatson_bw_0.73_k_8_basis_bspline_n_5": 0.01551165631354411,
  "hat_nadarayawatson_bw_0.37_k_13_basis_bspline_n_11": 0.012651478097714,
  "hat_nadarayawatson_bw_0.73_k_15_basis_fourier_n_5": 0.01551165631354411,
  "hat_nadarayawatson_bw_0.17_k_18_basis_bspline_n_11": 0.014808246036477585,
  "hat_kneighbors_bw_0.31_k_8_basis_bspline_n_15": 0.014001083512074635,
  "hat_locallinear_bw_0.31_k_6_basis_bspline_n_11": 0.024683968833888452,
  "hat_nadarayawatson_bw_0.75_k_7_basis_bspline_n_11": 0.015781432803270986,
  "hat_kneighbors_bw_0.75_k_14_basis_fourier_n_5": 0.013662374931009752,
  "hat_locallinear_bw_0.61_k_3_basis_bspline_n_9": 0.013662013883329762,
  "hat_locallinear_bw_0.07_k_8_basis_bspline_n_9": 0.9342155467454688,
  "hat_locallinear_bw_0.17_k_5_basis_fourier_n_15": 0.04734451319929891,
  "hat_kneighbors_bw_0.73_k_15_basis_fourier_n_11": 0.013511504616647959,
  "hat_locallinear_bw_0.59_k_5_basis_bspline_n_7": 0.013446926334918818,
  "hat_nadarayawatson_bw_0.61_k_12_basis_fourier_n_5": 0.014083219696088514,
  "hat_kneighbors_bw_0.23_k_14_basis_bspline_n_11": 0.013662374931009752,
  "hat_kneighbors_bw_0.33_k_14_basis_fourier_n_7": 0.013662374931009752,
  "hat_nadarayawatson_bw_0.25_k_18_basis_bspline_n_15": 0.013254338264089024,
  "hat_kneighbors_bw_0.73_k_15_basis_bspline_n_11": 0.013511504616647959,
  "hat_kneighbors_bw_0.99_k_14_basis_fourier_n_11": 0.013662374931009752,
  "hat_nadarayawatson_bw_0.63_k_11_basis_fourier_n_5": 0.014296091303893824,
  "hat_nadarayawatson_bw_0.31_k_18_basis_bspline_n_5": 0.012780626232831346,
  "hat_nadarayawatson_bw_0.89_k_4_basis_bspline_n_9": 0.017856909263687614,
  "hat_kneighbors_bw_0.32_k_6_basis_fourier_n_11": 0.013876372649209764,
  "hat_nadarayawatson_bw_0.62_k_13_basis_bspline_n_5": 0.01418827521279455,
  "hat_kneighbors_bw_0.48_k_4_basis_bspline_n_7": 0.014171382578979605,
  "hat_locallinear_bw_0.55_k_15_basis_bspline_n_11": 0.015374267290157947,
  "hat_locallinear_bw_0.14_k_12_basis_fourier_n_7": 0.047006333240126374,
  "hat_kneighbors_bw_0.32_k_4_basis_fourier_n_9": 0.014171382578979605,
  "hat_kneighbors_bw_0.63_k_4_basis_fourier_n_9": 0.014171382578979605,
  "hat_locallinear_bw_0.25_k_17_basis_fourier_n_7": 0.022827118264464614,
  "hat_nadarayawatson_bw_0.61_k_12_basis_bspline_n_11": 0.014083219696088514,
  "hat_nadarayawatson_bw_0.23_k_2_basis_bspline_n_7": 0.01352184950560838,
  "hat_nadarayawatson_bw_0.33_k_13_basis_fourier_n_15": 0.012705983277825147,
  "hat_locallinear_bw_0.78_k_18_basis_bspline_n_9": 0.012831412047721069,
  "hat_kneighbors_bw_0.61_k_14_basis_bspline_n_15": 0.013662374931009752,
  "hat_nadarayawatson_bw_0.15_k_15_basis_bspline_n_9": 0.015489883141677246,
  "hat_nadarayawatson_bw_0.43_k_2_basis_bspline_n_9": 0.012765759410364327,
  "hat_locallinear_bw_0.17_k_9_basis_fourier_n_15": 0.04734451319929891,
  "hat_nadarayawatson_bw_0.35_k_6_basis_fourier_n_5": 0.012664033182590212,
  "hat_locallinear_bw_0.35_k_2_basis_fourier_n_7": 0.016851270889591218,
  "hat_kneighbors_bw_0.89_k_15_basis_bspline_n_9": 0.013511504616647959,
  "hat_kneighbors_bw_0.43_k_12_basis_bspline_n_15": 0.01363442561637101,
  "hat_locallinear_bw_0.61_k_9_basis_fourier_n_7": 0.012993923712980512,
  "hat_kneighbors_bw_0.51_k_15_basis_fourier_n_11": 0.013511504616647959
}