{
  "raw_7_lr0.05": 0.26188354194164276,
  "fpcs_7_data_bspline_15_component_bspline_19_lr_0.005": 0.2750782678524653,
  "fpcs_7_data_fourier_9_component_fourier_15_lr_0.088": 0.27981888949871064,
  "fpcs_7_data_fourier_15_component_bspline_19_lr_0.052": 0.27975443998972577,
  "fpcs_7_data_bspline_19_component_bspline_9_lr_0.007": 0.28777245779832206,
  "fpcs_7_data_fourier_15_component_fourier_11_lr_0.095": 0.2810025612513224,
  "fpcs_7_data_bspline_9_component_fourier_11_lr_0.084": 0.26733519236246744,
  "fpcs_7_data_fourier_11_component_fourier_19_lr_0.05": 0.2759115238984426,
  "fpcs_7_data_fourier_15_component_bspline_9_lr_0.015": 0.28847245772679647,
  "fpcs_7_data_fourier_11_component_fourier_11_lr_0.095": 0.27280845046043395,
  "fpcs_7_data_fourier_11_component_bspline_15_lr_0.008": 0.2745881309111913,
  "fpcs_7_data_bspline_19_component_fourier_19_lr_0.02": 0.27065603037675223,
  "fpcs_7_data_bspline_15_component_bspline_15_lr_0.043": 0.2743668735027313,
  "fpcs_7_data_fourier_19_component_fourier_9_lr_0.076": 0.27084042827288307,
  "fpcs_7_data_fourier_15_component_fourier_9_lr_0.054": 0.2864438017209371,
  "fpcs_7_data_fourier_15_component_bspline_11_lr_0.1": 0.2856977671384811,
  "fpcs_7_data_fourier_9_component_bspline_9_lr_0.017": 0.276269742846489,
  "fpcs_7_data_fourier_9_component_bspline_15_lr_0.037": 0.2735555549462636,
  "fpcs_7_data_bspline_19_component_fourier_11_lr_0.097": 0.28860633671283725,
  "fpcs_7_data_fourier_11_component_fourier_11_lr_0.085": 0.2710513730843862,
  "fpcs_7_data_fourier_15_component_bspline_19_lr_0.013": 0.2619183888038,
  "fpcs_7_data_bspline_19_component_fourier_15_lr_0.069": 0.2728198081254959,
  "fpcs_7_data_bspline_9_component_bspline_11_lr_0.097": 0.27340898712476097,
  "fpcs_7_data_bspline_15_component_bspline_19_lr_0.039": 0.26029524207115173,
  "fpcs_7_data_fourier_9_component_fourier_15_lr_0.025": 0.26760092576344807,
  "fpcs_7_data_fourier_19_component_fourier_15_lr_0.074": 0.2827738444010417,
  "fpcs_7_data_bspline_15_component_bspline_11_lr_0.04": 0.26731759707132974,
  "fpcs_7_data_fourier_11_component_fourier_11_lr_0.001": 0.29908227225144707,
  "fpcs_7_data_bspline_19_component_fourier_9_lr_0.009": 0.2806986937920253,
  "fpcs_7_data_fourier_9_component_bspline_9_lr_0.011": 0.27869962255160013,
  "fpcs_7_data_fourier_19_component_bspline_15_lr_0.072": 0.2731943368911743,
  "fpcs_7_data_fourier_11_component_bspline_9_lr_0.057": 0.2685804973045985,
  "fpcs_7_data_fourier_15_component_bspline_11_lr_0.049": 0.2727820108334224,
  "fpcs_7_data_bspline_15_component_fourier_15_lr_0.003": 0.2730693648258845,
  "fpcs_7_data_fourier_9_component_bspline_19_lr_0.035": 0.28527757823467254,
  "fpcs_7_data_fourier_15_component_fourier_11_lr_0.053": 0.27553862531979884,
  "fpcs_7_data_bspline_11_component_fourier_11_lr_0.004": 0.30035329957803086,
  "fpcs_7_data_fourier_11_component_bspline_11_lr_0.063": 0.27993362049261733,
  "fpcs_7_data_fourier_11_component_fourier_19_lr_0.089": 0.27727089226245877,
  "fpcs_7_data_fourier_15_component_fourier_11_lr_0.017": 0.2651065429051717,
  "fpcs_7_data_bspline_19_component_fourier_9_lr_0.038": 0.2725202292203903,
  "fpcs_7_data_fourier_9_component_bspline_15_lr_0.09": 0.2836707651615143,
  "fpcs_7_data_bspline_15_component_bspline_15_lr_0.096": 0.2617173502842585,
  "fpcs_7_data_fourier_9_component_bspline_19_lr_0.084": 0.2707110116879145,
  "fpcs_7_data_bspline_9_component_fourier_9_lr_0.015": 0.2780171891053518,
  "fpcs_7_data_fourier_9_component_bspline_11_lr_0.004": 0.29006514251232146,
  "fpcs_7_data_fourier_19_component_bspline_9_lr_0.03": 0.27503694395224254,
  "fpcs_7_data_bspline_9_component_fourier_9_lr_0.007": 0.27162953416506447,
  "fpcs_7_data_bspline_9_component_bspline_19_lr_0.077": 0.2710454434156418,
  "fpcs_7_data_bspline_9_component_bspline_15_lr_0.092": 0.274675119916598,
  "fpcs_7_data_bspline_9_component_fourier_19_lr_0.079": 0.27060471574465433,
  "raw_9_lr0.05": 0.2636207183202108,
  "fpcs_9_data_bspline_15_component_bspline_19_lr_0.005": 0.2856576442718506,
  "fpcs_9_data_fourier_9_component_fourier_15_lr_0.088": 0.294352928797404,
  "fpcs_9_data_fourier_15_component_bspline_19_lr_0.052": 0.2939077506462733,
  "fpcs_9_data_bspline_19_component_bspline_9_lr_0.007": 0.30556170642375946,
  "fpcs_9_data_fourier_15_component_fourier_11_lr_0.095": 0.3004064440727234,
  "fpcs_9_data_bspline_9_component_fourier_11_lr_0.084": 0.29863131443659463,
  "fpcs_9_data_fourier_11_component_fourier_19_lr_0.05": 0.29055995444456734,
  "fpcs_9_data_fourier_15_component_bspline_9_lr_0.015": 0.30977129737536113,
  "fpcs_9_data_fourier_11_component_fourier_11_lr_0.095": 0.29903117815653485,
  "fpcs_9_data_fourier_11_component_bspline_15_lr_0.008": 0.29830675025781,
  "fpcs_9_data_bspline_19_component_fourier_19_lr_0.02": 0.29702305793762207,
  "fpcs_9_data_bspline_15_component_bspline_15_lr_0.043": 0.2860410412152608,
  "fpcs_9_data_fourier_19_component_fourier_9_lr_0.076": 0.294939249753952,
  "fpcs_9_data_fourier_15_component_fourier_9_lr_0.054": 0.3070412258307139,
  "fpcs_9_data_fourier_15_component_bspline_11_lr_0.1": 0.2765558004379272,
  "fpcs_9_data_fourier_9_component_bspline_9_lr_0.017": 0.3017261912425359,
  "fpcs_9_data_fourier_9_component_bspline_15_lr_0.037": 0.291728996237119,
  "fpcs_9_data_bspline_19_component_fourier_11_lr_0.097": 0.30764331618944807,
  "fpcs_9_data_fourier_11_component_fourier_11_lr_0.085": 0.3012743989626567,
  "fpcs_9_data_fourier_15_component_bspline_19_lr_0.013": 0.2893001486857732,
  "fpcs_9_data_bspline_19_component_fourier_15_lr_0.069": 0.2969398856163025,
  "fpcs_9_data_bspline_9_component_bspline_11_lr_0.097": 0.31669056614240015,
  "fpcs_9_data_bspline_15_component_bspline_19_lr_0.039": 0.28607141474882763,
  "fpcs_9_data_fourier_9_component_fourier_15_lr_0.025": 0.291519562403361,
  "fpcs_9_data_fourier_19_component_fourier_15_lr_0.074": 0.30678391853968306,
  "fpcs_9_data_bspline_15_component_bspline_11_lr_0.04": 0.2914515475432078,
  "fpcs_9_data_fourier_11_component_fourier_11_lr_0.001": 0.32647232015927635,
  "fpcs_9_data_bspline_19_component_fourier_9_lr_0.009": 0.2969850788513819,
  "fpcs_9_data_fourier_9_component_bspline_9_lr_0.011": 0.29802591105302173,
  "fpcs_9_data_fourier_19_component_bspline_15_lr_0.072": 0.2859565069278081,
  "fpcs_9_data_fourier_11_component_bspline_9_lr_0.057": 0.28987955451011654,
  "fpcs_9_data_fourier_15_component_bspline_11_lr_0.049": 0.3017875125010808,
  "fpcs_9_data_bspline_15_component_fourier_15_lr_0.003": 0.316703869899114,
  "fpcs_9_data_fourier_9_component_bspline_19_lr_0.035": 0.27256188293298084,
  "fpcs_9_data_fourier_15_component_fourier_11_lr_0.053": 0.30440430442492167,
  "fpcs_9_data_bspline_11_component_fourier_11_lr_0.004": 0.3166222840547561,
  "fpcs_9_data_fourier_11_component_bspline_11_lr_0.063": 0.2885684221982956,
  "fpcs_9_data_fourier_11_component_fourier_19_lr_0.089": 0.2978419323762258,
  "fpcs_9_data_fourier_15_component_fourier_11_lr_0.017": 0.2863799462715785,
  "fpcs_9_data_bspline_19_component_fourier_9_lr_0.038": 0.2918602446715037,
  "fpcs_9_data_fourier_9_component_bspline_15_lr_0.09": 0.2877383232116699,
  "fpcs_9_data_bspline_15_component_bspline_15_lr_0.096": 0.30155827303727467,
  "fpcs_9_data_fourier_9_component_bspline_19_lr_0.084": 0.2933254490296046,
  "fpcs_9_data_bspline_9_component_fourier_9_lr_0.015": 0.3036865174770355,
  "fpcs_9_data_fourier_9_component_bspline_11_lr_0.004": 0.3222050090630849,
  "fpcs_9_data_fourier_19_component_bspline_9_lr_0.03": 0.2993838091691335,
  "fpcs_9_data_bspline_9_component_fourier_9_lr_0.007": 0.3134854127963384,
  "fpcs_9_data_bspline_9_component_bspline_19_lr_0.077": 0.3095877955357234,
  "fpcs_9_data_bspline_9_component_bspline_15_lr_0.092": 0.3081275552511215,
  "fpcs_9_data_bspline_9_component_fourier_19_lr_0.079": 0.30760977466901146
}