{
  "data_bspline_5_coef_bspline_5": 0.011680700665803801,
  "data_bspline_5_coef_bspline_7": 0.011680700665803845,
  "data_bspline_5_coef_bspline_9": 0.011680700665803916,
  "data_bspline_5_coef_fourier_5": 0.011680700665803836,
  "data_bspline_5_coef_fourier_7": 0.01168070066580382,
  "data_bspline_5_coef_fourier_9": 0.011680700665803808,
  "data_bspline_7_coef_bspline_5": 0.011677935028821033,
  "data_bspline_7_coef_bspline_7": 0.011873893493159558,
  "data_bspline_7_coef_bspline_9": 0.011873893493105239,
  "data_bspline_7_coef_fourier_5": 0.011744381103477777,
  "data_bspline_7_coef_fourier_7": 0.011873893493159527,
  "data_bspline_7_coef_fourier_9": 0.011873893493159485,
  "data_bspline_9_coef_bspline_5": 0.011689886777508726,
  "data_bspline_9_coef_bspline_7": 0.011862639103037038,
  "data_bspline_9_coef_bspline_9": 0.011909868842295558,
  "data_bspline_9_coef_fourier_5": 0.011723219783174869,
  "data_bspline_9_coef_fourier_7": 0.011726325312014533,
  "data_bspline_9_coef_fourier_9": 0.011909868842732641,
  "data_fourier_5_coef_bspline_5": 0.011726610071610268,
  "data_fourier_5_coef_bspline_7": 0.01172661007161032,
  "data_fourier_5_coef_bspline_9": 0.01172661007161035,
  "data_fourier_5_coef_fourier_5": 0.011726610071610277,
  "data_fourier_5_coef_fourier_7": 0.011726610071610261,
  "data_fourier_5_coef_fourier_9": 0.011726610071610266,
  "data_fourier_7_coef_bspline_5": 0.011769361591923082,
  "data_fourier_7_coef_bspline_7": 0.011764468994881627,
  "data_fourier_7_coef_bspline_9": 0.011764468994837763,
  "data_fourier_7_coef_fourier_5": 0.011726162618741844,
  "data_fourier_7_coef_fourier_7": 0.01176446899488153,
  "data_fourier_7_coef_fourier_9": 0.011764468994881483,
  "data_fourier_9_coef_bspline_5": 0.011760678556187305,
  "data_fourier_9_coef_bspline_7": 0.011805898708507356,
  "data_fourier_9_coef_bspline_9": 0.012032768505944046,
  "data_fourier_9_coef_fourier_5": 0.011727639728667711,
  "data_fourier_9_coef_fourier_7": 0.011765967869054343,
  "data_fourier_9_coef_fourier_9": 0.012032768505958222
}