{
  "data_bspline_5_coef_bspline_5": 0.006459570861766737,
  "data_bspline_5_coef_bspline_7": 0.006459570861766737,
  "data_bspline_5_coef_bspline_9": 0.006459570861766741,
  "data_bspline_5_coef_fourier_5": 0.006459570861766742,
  "data_bspline_5_coef_fourier_7": 0.006459570861766737,
  "data_bspline_5_coef_fourier_9": 0.006459570861766744,
  "data_bspline_7_coef_bspline_5": 0.0064596577395850865,
  "data_bspline_7_coef_bspline_7": 0.006464564460862389,
  "data_bspline_7_coef_bspline_9": 0.006464564460910638,
  "data_bspline_7_coef_fourier_5": 0.0064337456306182315,
  "data_bspline_7_coef_fourier_7": 0.006464564460862364,
  "data_bspline_7_coef_fourier_9": 0.00646456446086238,
  "data_bspline_9_coef_bspline_5": 0.0064574507377334455,
  "data_bspline_9_coef_bspline_7": 0.006480806160748642,
  "data_bspline_9_coef_bspline_9": 0.006557500503828374,
  "data_bspline_9_coef_fourier_5": 0.006475264085149447,
  "data_bspline_9_coef_fourier_7": 0.006567415722850856,
  "data_bspline_9_coef_fourier_9": 0.006557500503765615,
  "data_fourier_5_coef_bspline_5": 0.006474695598966492,
  "data_fourier_5_coef_bspline_7": 0.006474695598966501,
  "data_fourier_5_coef_bspline_9": 0.006474695598966506,
  "data_fourier_5_coef_fourier_5": 0.006474695598966499,
  "data_fourier_5_coef_fourier_7": 0.006474695598966499,
  "data_fourier_5_coef_fourier_9": 0.0064746955989665,
  "data_fourier_7_coef_bspline_5": 0.006426962167554303,
  "data_fourier_7_coef_bspline_7": 0.006565879465215303,
  "data_fourier_7_coef_bspline_9": 0.0065658794652284375,
  "data_fourier_7_coef_fourier_5": 0.006474648285762693,
  "data_fourier_7_coef_fourier_7": 0.006565879465215314,
  "data_fourier_7_coef_fourier_9": 0.006565879465215313,
  "data_fourier_9_coef_bspline_5": 0.0064313317445855115,
  "data_fourier_9_coef_bspline_7": 0.00646700479931273,
  "data_fourier_9_coef_bspline_9": 0.006597916324197044,
  "data_fourier_9_coef_fourier_5": 0.0064733780058709115,
  "data_fourier_9_coef_fourier_7": 0.006565569589336968,
  "data_fourier_9_coef_fourier_9": 0.006597916323967551
}