{
  "raw_7_lr0.05": 0.24946796695391338,
  "fpcs_7_data_fourier_11_component_bspline_19_lr_0.03": 0.33013922969500226,
  "fpcs_7_data_bspline_19_component_bspline_15_lr_0.1": 0.30110844075679777,
  "fpcs_7_data_bspline_9_component_fourier_11_lr_0.051": 0.31613953014214835,
  "fpcs_7_data_bspline_19_component_fourier_19_lr_0.06": 0.2922219584385554,
  "fpcs_7_data_bspline_9_component_fourier_11_lr_0.081": 0.2986002057790756,
  "fpcs_7_data_bspline_15_component_bspline_9_lr_0.015": 0.3285621653000514,
  "fpcs_7_data_fourier_9_component_fourier_19_lr_0.008": 0.3188781440258026,
  "fpcs_7_data_bspline_9_component_bspline_15_lr_0.038": 0.3244561582803726,
  "fpcs_7_data_bspline_19_component_fourier_19_lr_0.028": 0.31249622702598573,
  "fpcs_7_data_fourier_19_component_bspline_11_lr_0.019": 0.34785842796166744,
  "fpcs_7_data_fourier_11_component_bspline_11_lr_0.076": 0.32217469215393063,
  "fpcs_7_data_bspline_19_component_bspline_19_lr_0.06": 0.2858119467894236,
  "fpcs_7_data_fourier_19_component_fourier_19_lr_0.029": 0.35185383359591166,
  "fpcs_7_data_fourier_15_component_fourier_15_lr_0.043": 0.29856356779734294,
  "fpcs_7_data_fourier_15_component_fourier_19_lr_0.017": 0.29823038578033445,
  "fpcs_7_data_fourier_11_component_fourier_11_lr_0.092": 0.31962157189846035,
  "fpcs_7_data_fourier_9_component_bspline_15_lr_0.001": 0.33817503849665326,
  "fpcs_7_data_bspline_15_component_fourier_15_lr_0.039": 0.3142537424961726,
  "fpcs_7_data_fourier_9_component_bspline_19_lr_0.046": 0.30502501825491585,
  "fpcs_7_data_bspline_9_component_bspline_11_lr_0.006": 0.3303816040356954,
  "fpcs_7_data_bspline_15_component_bspline_19_lr_0.042": 0.2928861747185389,
  "fpcs_7_data_fourier_15_component_fourier_19_lr_0.074": 0.30296433468659717,
  "fpcs_7_data_bspline_9_component_bspline_19_lr_0.059": 0.30260396401087447,
  "fpcs_7_data_bspline_19_component_fourier_15_lr_0.01": 0.33245824376742045,
  "fpcs_7_data_fourier_9_component_bspline_15_lr_0.017": 0.2936718811591466,
  "fpcs_7_data_bspline_9_component_bspline_11_lr_0.027": 0.3171424080928167,
  "fpcs_7_data_fourier_11_component_bspline_9_lr_0.029": 0.3207309236129125,
  "fpcs_7_data_fourier_15_component_bspline_11_lr_0.028": 0.3297957201798757,
  "fpcs_7_data_bspline_11_component_bspline_19_lr_0.05": 0.3376093139251073,
  "fpcs_7_data_bspline_9_component_fourier_15_lr_0.049": 0.30383384724458057,
  "fpcs_7_data_fourier_15_component_bspline_19_lr_0.015": 0.31416404942671455,
  "fpcs_7_data_bspline_19_component_bspline_15_lr_0.067": 0.29648436109224957,
  "fpcs_7_data_fourier_11_component_bspline_19_lr_0.064": 0.31574286222457887,
  "fpcs_7_data_bspline_19_component_bspline_15_lr_0.093": 0.2959508001804352,
  "fpcs_7_data_bspline_9_component_bspline_19_lr_0.065": 0.3198079377412796,
  "fpcs_7_data_bspline_11_component_fourier_9_lr_0.077": 0.32225823402404785,
  "fpcs_7_data_bspline_11_component_bspline_9_lr_0.059": 0.3143330643574397,
  "fpcs_7_data_fourier_11_component_bspline_11_lr_0.051": 0.3241648385922114,
  "fpcs_7_data_bspline_15_component_fourier_19_lr_0.02": 0.30437470972537994,
  "fpcs_7_data_fourier_11_component_fourier_11_lr_0.024": 0.3408090631167094,
  "fpcs_7_data_fourier_11_component_bspline_15_lr_0.055": 0.32462577521800995,
  "fpcs_7_data_fourier_19_component_bspline_11_lr_0.076": 0.32947870592276257,
  "fpcs_7_data_fourier_9_component_fourier_15_lr_0.073": 0.2806708057721456,
  "fpcs_7_data_bspline_11_component_bspline_15_lr_0.067": 0.31372751692930856,
  "fpcs_7_data_fourier_19_component_bspline_19_lr_0.051": 0.32472799718379974,
  "fpcs_7_data_bspline_11_component_fourier_11_lr_0.018": 0.33252762556076054,
  "fpcs_7_data_fourier_15_component_bspline_19_lr_0.071": 0.29272310038407645,
  "fpcs_7_data_bspline_15_component_fourier_19_lr_0.084": 0.320464892188708,
  "fpcs_7_data_bspline_9_component_fourier_19_lr_0.092": 0.3132849991321564,
  "fpcs_7_data_fourier_15_component_fourier_19_lr_0.095": 0.28214466472466787,
  "raw_9_lr0.05": 0.30575217107931774,
  "fpcs_9_data_fourier_11_component_bspline_19_lr_0.03": 0.3680781602859497,
  "fpcs_9_data_bspline_19_component_bspline_15_lr_0.1": 0.3715642005205155,
  "fpcs_9_data_bspline_9_component_fourier_11_lr_0.051": 0.35250134269396466,
  "fpcs_9_data_bspline_19_component_fourier_19_lr_0.06": 0.3491640607515971,
  "fpcs_9_data_bspline_9_component_fourier_11_lr_0.081": 0.34590378403663635,
  "fpcs_9_data_bspline_15_component_bspline_9_lr_0.015": 0.3280099868774414,
  "fpcs_9_data_fourier_9_component_fourier_19_lr_0.008": 0.3490222642819087,
  "fpcs_9_data_bspline_9_component_bspline_15_lr_0.038": 0.35236233174800874,
  "fpcs_9_data_bspline_19_component_fourier_19_lr_0.028": 0.3464333891868591,
  "fpcs_9_data_fourier_19_component_bspline_11_lr_0.019": 0.3531527082125346,
  "fpcs_9_data_fourier_11_component_bspline_11_lr_0.076": 0.34804984728495275,
  "fpcs_9_data_bspline_19_component_bspline_19_lr_0.06": 0.3209072103103002,
  "fpcs_9_data_fourier_19_component_fourier_19_lr_0.029": 0.3497688035170237,
  "fpcs_9_data_fourier_15_component_fourier_15_lr_0.043": 0.3402630905310313,
  "fpcs_9_data_fourier_15_component_fourier_19_lr_0.017": 0.35210565229256946,
  "fpcs_9_data_fourier_11_component_fourier_11_lr_0.092": 0.35491873522599543,
  "fpcs_9_data_fourier_9_component_bspline_15_lr_0.001": 0.411389442284902,
  "fpcs_9_data_bspline_15_component_fourier_15_lr_0.039": 0.3470025549332301,
  "fpcs_9_data_fourier_9_component_bspline_19_lr_0.046": 0.36757533053557084,
  "fpcs_9_data_bspline_9_component_bspline_11_lr_0.006": 0.3610097159941991,
  "fpcs_9_data_bspline_15_component_bspline_19_lr_0.042": 0.3792139281829199,
  "fpcs_9_data_fourier_15_component_fourier_19_lr_0.074": 0.33688296576341,
  "fpcs_9_data_bspline_9_component_bspline_19_lr_0.059": 0.33773486614227294,
  "fpcs_9_data_bspline_19_component_fourier_15_lr_0.01": 0.3547982841730118,
  "fpcs_9_data_fourier_9_component_bspline_15_lr_0.017": 0.3454570124546687,
  "fpcs_9_data_bspline_9_component_bspline_11_lr_0.027": 0.34562073846658076,
  "fpcs_9_data_fourier_11_component_bspline_9_lr_0.029": 0.3783627549807231,
  "fpcs_9_data_fourier_15_component_bspline_11_lr_0.028": 0.3476124703884125,
  "fpcs_9_data_bspline_11_component_bspline_19_lr_0.05": 0.3242309679587682,
  "fpcs_9_data_bspline_9_component_fourier_15_lr_0.049": 0.3910907745361328,
  "fpcs_9_data_fourier_15_component_bspline_19_lr_0.015": 0.35099129676818847,
  "fpcs_9_data_bspline_19_component_bspline_15_lr_0.067": 0.3773295034964879,
  "fpcs_9_data_fourier_11_component_bspline_19_lr_0.064": 0.3467671593030294,
  "fpcs_9_data_bspline_19_component_bspline_15_lr_0.093": 0.37181964119275407,
  "fpcs_9_data_bspline_9_component_bspline_19_lr_0.065": 0.31630556682745614,
  "fpcs_9_data_bspline_11_component_fourier_9_lr_0.077": 0.37892256379127504,
  "fpcs_9_data_bspline_11_component_bspline_9_lr_0.059": 0.3443576693534851,
  "fpcs_9_data_fourier_11_component_bspline_11_lr_0.051": 0.3819253404935201,
  "fpcs_9_data_bspline_15_component_fourier_19_lr_0.02": 0.35985287328561144,
  "fpcs_9_data_fourier_11_component_fourier_11_lr_0.024": 0.34406725664933524,
  "fpcs_9_data_fourier_11_component_bspline_15_lr_0.055": 0.36947857737541207,
  "fpcs_9_data_fourier_19_component_bspline_11_lr_0.076": 0.3585872948169708,
  "fpcs_9_data_fourier_9_component_fourier_15_lr_0.073": 0.3676398108402888,
  "fpcs_9_data_bspline_11_component_bspline_15_lr_0.067": 0.3538841376701991,
  "fpcs_9_data_fourier_19_component_bspline_19_lr_0.051": 0.3430337131023407,
  "fpcs_9_data_bspline_11_component_fourier_11_lr_0.018": 0.3896001656850179,
  "fpcs_9_data_fourier_15_component_bspline_19_lr_0.071": 0.3662997305393219,
  "fpcs_9_data_bspline_15_component_fourier_19_lr_0.084": 0.35746790270010625,
  "fpcs_9_data_bspline_9_component_fourier_19_lr_0.092": 0.3401084333658218,
  "fpcs_9_data_fourier_15_component_fourier_19_lr_0.095": 0.33272809584935503
}