{
  "raw_7_lr0.05": 0.1261746863524119,
  "fpcs_7_data_bspline_15_component_bspline_11_lr_0.032": 0.1340156947573026,
  "fpcs_7_data_fourier_11_component_fourier_11_lr_0.082": 0.14848796079556145,
  "fpcs_7_data_fourier_11_component_bspline_9_lr_0.045": 0.15101414869229,
  "fpcs_7_data_fourier_11_component_fourier_15_lr_0.08": 0.1465135102470716,
  "fpcs_7_data_bspline_11_component_fourier_11_lr_0.094": 0.14158185174067814,
  "fpcs_7_data_fourier_11_component_bspline_9_lr_0.095": 0.14490171472231547,
  "fpcs_7_data_bspline_11_component_fourier_11_lr_0.044": 0.1684978331128756,
  "fpcs_7_data_fourier_9_component_fourier_9_lr_0.059": 0.15118523339430492,
  "fpcs_7_data_fourier_11_component_fourier_11_lr_0.087": 0.14103098462025324,
  "fpcs_7_data_fourier_11_component_fourier_11_lr_0.028": 0.1470656191309293,
  "fpcs_7_data_fourier_11_component_bspline_15_lr_0.053": 0.14801278313000998,
  "fpcs_7_data_fourier_15_component_fourier_11_lr_0.04": 0.14741205275058747,
  "fpcs_7_data_bspline_19_component_fourier_9_lr_0.008": 0.1614867140849431,
  "fpcs_7_data_fourier_9_component_fourier_11_lr_0.052": 0.14508789330720903,
  "fpcs_7_data_bspline_11_component_bspline_15_lr_0.071": 0.13274997075398765,
  "fpcs_7_data_bspline_19_component_bspline_11_lr_0.014": 0.12791683773199716,
  "fpcs_7_data_fourier_9_component_bspline_9_lr_0.024": 0.13962469150622686,
  "fpcs_7_data_fourier_11_component_fourier_19_lr_0.095": 0.14650495896736782,
  "fpcs_7_data_fourier_15_component_bspline_19_lr_0.078": 0.1526268685857455,
  "fpcs_7_data_bspline_11_component_bspline_11_lr_0.055": 0.13800669064124427,
  "fpcs_7_data_fourier_9_component_bspline_15_lr_0.006": 0.1569575642546018,
  "fpcs_7_data_bspline_11_component_fourier_19_lr_0.07": 0.13569660931825636,
  "fpcs_7_data_bspline_11_component_bspline_9_lr_0.097": 0.1508765786886215,
  "fpcs_7_data_fourier_19_component_fourier_15_lr_0.075": 0.16072491854429244,
  "fpcs_7_data_bspline_11_component_fourier_9_lr_0.064": 0.14936749736467997,
  "fpcs_7_data_bspline_11_component_bspline_11_lr_0.015": 0.14956021855274834,
  "fpcs_7_data_bspline_11_component_fourier_9_lr_0.021": 0.14785358806451163,
  "fpcs_7_data_fourier_11_component_bspline_9_lr_0.051": 0.15018596599499387,
  "fpcs_7_data_bspline_11_component_fourier_9_lr_0.068": 0.14293391356865562,
  "fpcs_7_data_fourier_15_component_fourier_15_lr_0.046": 0.1661036108930906,
  "fpcs_7_data_fourier_11_component_fourier_15_lr_0.01": 0.14961273670196532,
  "fpcs_7_data_bspline_11_component_fourier_11_lr_0.037": 0.1423260455330213,
  "fpcs_7_data_bspline_11_component_bspline_19_lr_0.094": 0.14324294353524844,
  "fpcs_7_data_fourier_19_component_fourier_15_lr_0.046": 0.14002918501694997,
  "fpcs_7_data_bspline_9_component_bspline_11_lr_0.004": 0.16924963245789212,
  "fpcs_7_data_fourier_15_component_fourier_11_lr_0.045": 0.1403807351986567,
  "fpcs_7_data_fourier_19_component_fourier_11_lr_0.078": 0.1483746903638045,
  "fpcs_7_data_bspline_11_component_fourier_15_lr_0.044": 0.14288009504477184,
  "fpcs_7_data_fourier_11_component_bspline_19_lr_0.034": 0.15248630394538246,
  "fpcs_7_data_bspline_9_component_bspline_9_lr_0.024": 0.12975121140480042,
  "fpcs_7_data_bspline_11_component_bspline_9_lr_0.028": 0.1285243940850099,
  "fpcs_7_data_fourier_9_component_bspline_19_lr_0.027": 0.1401538555820783,
  "fpcs_7_data_fourier_15_component_fourier_11_lr_0.056": 0.13944120854139327,
  "fpcs_7_data_fourier_15_component_bspline_15_lr_0.05": 0.15111499776442847,
  "fpcs_7_data_bspline_19_component_fourier_9_lr_0.018": 0.14461546391248703,
  "fpcs_7_data_fourier_11_component_bspline_11_lr_0.046": 0.14743803640206654,
  "fpcs_7_data_bspline_11_component_bspline_15_lr_0.023": 0.1452269732952118,
  "fpcs_7_data_fourier_19_component_bspline_11_lr_0.035": 0.13863262037436166,
  "fpcs_7_data_bspline_19_component_fourier_9_lr_0.081": 0.15217790057261785,
  "fpcs_7_data_bspline_9_component_bspline_15_lr_0.072": 0.13793786466121674,
  "raw_9_lr0.05": 0.16632195313771567,
  "fpcs_9_data_bspline_15_component_bspline_11_lr_0.032": 0.15106048633654912,
  "fpcs_9_data_fourier_11_component_fourier_11_lr_0.082": 0.15992340246836345,
  "fpcs_9_data_fourier_11_component_bspline_9_lr_0.045": 0.16408658822377523,
  "fpcs_9_data_fourier_11_component_fourier_15_lr_0.08": 0.1729948470989863,
  "fpcs_9_data_bspline_11_component_fourier_11_lr_0.094": 0.1541482279698054,
  "fpcs_9_data_fourier_11_component_bspline_9_lr_0.095": 0.18738525360822678,
  "fpcs_9_data_bspline_11_component_fourier_11_lr_0.044": 0.15731372386217116,
  "fpcs_9_data_fourier_9_component_fourier_9_lr_0.059": 0.16219805379708607,
  "fpcs_9_data_fourier_11_component_fourier_11_lr_0.087": 0.1696315750479698,
  "fpcs_9_data_fourier_11_component_fourier_11_lr_0.028": 0.16799562523762387,
  "fpcs_9_data_fourier_11_component_bspline_15_lr_0.053": 0.1486742084225019,
  "fpcs_9_data_fourier_15_component_fourier_11_lr_0.04": 0.18353927185138064,
  "fpcs_9_data_bspline_19_component_fourier_9_lr_0.008": 0.18941687345504762,
  "fpcs_9_data_fourier_9_component_fourier_11_lr_0.052": 0.1561830182870229,
  "fpcs_9_data_bspline_11_component_bspline_15_lr_0.071": 0.1525882790486018,
  "fpcs_9_data_bspline_19_component_bspline_11_lr_0.014": 0.15893677671750386,
  "fpcs_9_data_fourier_9_component_bspline_9_lr_0.024": 0.16266631285349528,
  "fpcs_9_data_fourier_11_component_fourier_19_lr_0.095": 0.1864288419485092,
  "fpcs_9_data_fourier_15_component_bspline_19_lr_0.078": 0.15393392940362297,
  "fpcs_9_data_bspline_11_component_bspline_11_lr_0.055": 0.15479349593321484,
  "fpcs_9_data_fourier_9_component_bspline_15_lr_0.006": 0.19553677439689635,
  "fpcs_9_data_bspline_11_component_fourier_19_lr_0.07": 0.1628600815931956,
  "fpcs_9_data_bspline_11_component_bspline_9_lr_0.097": 0.16350804766019186,
  "fpcs_9_data_fourier_19_component_fourier_15_lr_0.075": 0.1790393004814784,
  "fpcs_9_data_bspline_11_component_fourier_9_lr_0.064": 0.17648183355728783,
  "fpcs_9_data_bspline_11_component_bspline_11_lr_0.015": 0.16179798444112145,
  "fpcs_9_data_bspline_11_component_fourier_9_lr_0.021": 0.17541232407093046,
  "fpcs_9_data_fourier_11_component_bspline_9_lr_0.051": 0.16768457343180976,
  "fpcs_9_data_bspline_11_component_fourier_9_lr_0.068": 0.2048916732271512,
  "fpcs_9_data_fourier_15_component_fourier_15_lr_0.046": 0.15003651678562166,
  "fpcs_9_data_fourier_11_component_fourier_15_lr_0.01": 0.1777817557255427,
  "fpcs_9_data_bspline_11_component_fourier_11_lr_0.037": 0.16412974496682484,
  "fpcs_9_data_bspline_11_component_bspline_19_lr_0.094": 0.15184566328922908,
  "fpcs_9_data_fourier_19_component_fourier_15_lr_0.046": 0.15986320873101553,
  "fpcs_9_data_bspline_9_component_bspline_11_lr_0.004": 0.2291158949335416,
  "fpcs_9_data_fourier_15_component_fourier_11_lr_0.045": 0.18003581762313844,
  "fpcs_9_data_fourier_19_component_fourier_11_lr_0.078": 0.15818507075309754,
  "fpcs_9_data_bspline_11_component_fourier_15_lr_0.044": 0.16282335917154947,
  "fpcs_9_data_fourier_11_component_bspline_19_lr_0.034": 0.1768748953938484,
  "fpcs_9_data_bspline_9_component_bspline_9_lr_0.024": 0.16105429828166962,
  "fpcs_9_data_bspline_11_component_bspline_9_lr_0.028": 0.1715598459045092,
  "fpcs_9_data_fourier_9_component_bspline_19_lr_0.027": 0.17398060758908587,
  "fpcs_9_data_fourier_15_component_fourier_11_lr_0.056": 0.16169421672821047,
  "fpcs_9_data_fourier_15_component_bspline_15_lr_0.05": 0.16742529074350995,
  "fpcs_9_data_bspline_19_component_fourier_9_lr_0.018": 0.17786345183849336,
  "fpcs_9_data_fourier_11_component_bspline_11_lr_0.046": 0.15573226710160573,
  "fpcs_9_data_bspline_11_component_bspline_15_lr_0.023": 0.15364872763554252,
  "fpcs_9_data_fourier_19_component_bspline_11_lr_0.035": 0.151064071059227,
  "fpcs_9_data_bspline_19_component_fourier_9_lr_0.081": 0.1702100326617559,
  "fpcs_9_data_bspline_9_component_bspline_15_lr_0.072": 0.16224002093076706
}