{
  "hat_locallinear_bw_0.64_k_10_basis_bspline_n_7": 0.01131204611621577,
  "hat_locallinear_bw_0.24_k_15_basis_bspline_n_11": 0.03002289916390145,
  "hat_nadarayawatson_bw_0.22_k_15_basis_fourier_n_15": 0.011819190757076868,
  "hat_locallinear_bw_0.68_k_12_basis_bspline_n_15": 0.012499500727328453,
  "hat_nadarayawatson_bw_0.59_k_6_basis_bspline_n_9": 0.009657510196443128,
  "hat_nadarayawatson_bw_0.71_k_7_basis_fourier_n_11": 0.00960417919497954,
  "hat_nadarayawatson_bw_0.68_k_7_basis_fourier_n_9": 0.009611792631863259,
  "hat_kneighbors_bw_0.64_k_2_basis_bspline_n_7": 0.0155345406822883,
  "hat_locallinear_bw_0.78_k_14_basis_fourier_n_15": 0.012008281331914604,
  "hat_nadarayawatson_bw_0.38_k_4_basis_fourier_n_7": 0.010155174193805728,
  "hat_locallinear_bw_0.39_k_11_basis_fourier_n_7": 0.01319337122341295,
  "hat_kneighbors_bw_0.32_k_3_basis_bspline_n_7": 0.012955192259229842,
  "hat_kneighbors_bw_0.53_k_6_basis_bspline_n_15": 0.01123236477895739,
  "hat_nadarayawatson_bw_0.43_k_8_basis_bspline_n_11": 0.009938386596192358,
  "hat_kneighbors_bw_0.68_k_10_basis_bspline_n_7": 0.010238726825438584,
  "hat_nadarayawatson_bw_0.71_k_17_basis_bspline_n_15": 0.00960417919497954,
  "hat_kneighbors_bw_0.42_k_5_basis_bspline_n_11": 0.011879577913984913,
  "hat_nadarayawatson_bw_0.71_k_2_basis_bspline_n_11": 0.00960417919497954,
  "hat_nadarayawatson_bw_0.64_k_15_basis_fourier_n_15": 0.009627144046075951,
  "hat_nadarayawatson_bw_0.34_k_17_basis_bspline_n_7": 0.010412493144608624,
  "hat_locallinear_bw_0.41_k_17_basis_fourier_n_9": 0.013881762692162828,
  "hat_locallinear_bw_0.64_k_6_basis_bspline_n_9": 0.01205209310656578,
  "hat_kneighbors_bw_0.32_k_15_basis_bspline_n_7": 0.009819134276532485,
  "hat_kneighbors_bw_0.64_k_7_basis_bspline_n_7": 0.011050358504191903,
  "hat_nadarayawatson_bw_0.48_k_12_basis_bspline_n_15": 0.009803040749973391,
  "hat_kneighbors_bw_0.22_k_17_basis_fourier_n_5": 0.009775706337243987,
  "hat_nadarayawatson_bw_0.16_k_14_basis_fourier_n_7": 0.013487773661217806,
  "hat_locallinear_bw_0.22_k_17_basis_fourier_n_15": 0.04734119051458592,
  "hat_locallinear_bw_0.99_k_15_basis_fourier_n_5": 0.010259361716621992,
  "hat_kneighbors_bw_0.66_k_2_basis_bspline_n_11": 0.0155345406822883,
  "hat_nadarayawatson_bw_0.66_k_14_basis_fourier_n_11": 0.009618638194006053,
  "hat_locallinear_bw_0.99_k_7_basis_bspline_n_15": 0.011620811324047724,
  "hat_nadarayawatson_bw_0.77_k_7_basis_bspline_n_15": 0.009596531567806,
  "hat_kneighbors_bw_0.99_k_14_basis_bspline_n_5": 0.009914709867143993,
  "hat_locallinear_bw_0.16_k_10_basis_fourier_n_11": 0.04531863995927379,
  "hat_nadarayawatson_bw_0.99_k_12_basis_bspline_n_15": 0.009617650801203631,
  "hat_kneighbors_bw_0.22_k_18_basis_fourier_n_7": 0.00964112079910846,
  "hat_kneighbors_bw_0.71_k_19_basis_fourier_n_5": 0.009716913833501008,
  "hat_kneighbors_bw_0.64_k_2_basis_bspline_n_5": 0.0155345406822883,
  "hat_nadarayawatson_bw_0.38_k_12_basis_bspline_n_5": 0.010155174193805728,
  "hat_nadarayawatson_bw_0.16_k_15_basis_fourier_n_15": 0.013487773661217806,
  "hat_kneighbors_bw_0.9_k_15_basis_bspline_n_5": 0.009819134276532485,
  "hat_nadarayawatson_bw_0.39_k_3_basis_fourier_n_5": 0.010103509611799164,
  "hat_nadarayawatson_bw_0.34_k_12_basis_fourier_n_5": 0.010412493144608624,
  "hat_nadarayawatson_bw_0.43_k_9_basis_fourier_n_11": 0.009938386596192358,
  "hat_nadarayawatson_bw_0.42_k_15_basis_bspline_n_11": 0.009974066527393688,
  "hat_nadarayawatson_bw_0.53_k_17_basis_bspline_n_5": 0.009718645239145101,
  "hat_nadarayawatson_bw_0.16_k_8_basis_bspline_n_9": 0.013487773661217806,
  "hat_locallinear_bw_0.66_k_14_basis_fourier_n_5": 0.010884134035591101,
  "hat_nadarayawatson_bw_0.65_k_17_basis_bspline_n_5": 0.009622668620920734
}