{
  "raw_7_lr0.05": 0.010764628400405249,
  "fpcs_7_data_fourier_15_component_fourier_11_lr_0.037": 0.011687094656129679,
  "fpcs_7_data_bspline_11_component_bspline_19_lr_0.005": 0.014489220641553403,
  "fpcs_7_data_fourier_15_component_fourier_15_lr_0.043": 0.010571415536105633,
  "fpcs_7_data_bspline_11_component_fourier_15_lr_0.073": 0.012064386345446107,
  "fpcs_7_data_bspline_19_component_bspline_11_lr_0.028": 0.01159913477798303,
  "fpcs_7_data_fourier_15_component_bspline_9_lr_0.052": 0.012428269038597742,
  "fpcs_7_data_bspline_9_component_fourier_11_lr_0.046": 0.012477221712470057,
  "fpcs_7_data_bspline_11_component_fourier_15_lr_0.072": 0.011528325018783411,
  "fpcs_7_data_fourier_11_component_fourier_9_lr_0.044": 0.011272813441852728,
  "fpcs_7_data_bspline_19_component_fourier_19_lr_0.077": 0.013003550159434477,
  "fpcs_7_data_fourier_11_component_bspline_11_lr_0.037": 0.011966392025351524,
  "fpcs_7_data_fourier_11_component_fourier_11_lr_0.044": 0.010971505939960479,
  "fpcs_7_data_bspline_19_component_bspline_15_lr_0.042": 0.011578010270992915,
  "fpcs_7_data_fourier_9_component_fourier_9_lr_0.045": 0.0121745395163695,
  "fpcs_7_data_fourier_11_component_fourier_15_lr_0.039": 0.011708658002316954,
  "fpcs_7_data_fourier_19_component_bspline_15_lr_0.032": 0.010855980372677246,
  "fpcs_7_data_fourier_11_component_fourier_15_lr_0.098": 0.012276797679563365,
  "fpcs_7_data_fourier_11_component_bspline_19_lr_0.069": 0.011891252671678862,
  "fpcs_7_data_bspline_9_component_fourier_15_lr_0.025": 0.012567549819747607,
  "fpcs_7_data_fourier_9_component_fourier_9_lr_0.06": 0.011926535579065483,
  "fpcs_7_data_bspline_11_component_bspline_15_lr_0.031": 0.012196020781993867,
  "fpcs_7_data_fourier_11_component_fourier_11_lr_0.091": 0.011633941189696392,
  "fpcs_7_data_fourier_15_component_bspline_19_lr_0.061": 0.01132368619243304,
  "fpcs_7_data_fourier_11_component_bspline_11_lr_0.004": 0.0129417946562171,
  "fpcs_7_data_bspline_11_component_bspline_19_lr_0.048": 0.011755276657640935,
  "fpcs_7_data_bspline_11_component_bspline_15_lr_0.07": 0.01186408984164397,
  "fpcs_7_data_fourier_9_component_bspline_19_lr_0.037": 0.011516161821782589,
  "fpcs_7_data_fourier_11_component_fourier_15_lr_0.054": 0.011045136488974094,
  "fpcs_7_data_bspline_11_component_bspline_19_lr_0.085": 0.012336929825445016,
  "fpcs_7_data_fourier_9_component_bspline_15_lr_0.025": 0.011089486194153626,
  "fpcs_7_data_fourier_9_component_fourier_11_lr_0.048": 0.011584371887147426,
  "fpcs_7_data_fourier_9_component_fourier_19_lr_0.078": 0.01130020332833131,
  "fpcs_7_data_fourier_11_component_fourier_9_lr_0.009": 0.01169074842085441,
  "fpcs_7_data_bspline_11_component_fourier_15_lr_0.045": 0.012304084002971649,
  "fpcs_7_data_bspline_15_component_bspline_15_lr_0.093": 0.01131874912728866,
  "fpcs_7_data_bspline_19_component_fourier_15_lr_0.045": 0.010694225132465365,
  "fpcs_7_data_fourier_15_component_bspline_11_lr_0.001": 0.014627210174997648,
  "fpcs_7_data_fourier_11_component_fourier_19_lr_0.067": 0.012061830361684164,
  "fpcs_7_data_fourier_9_component_bspline_9_lr_0.014": 0.012918590009212494,
  "fpcs_7_data_bspline_11_component_bspline_15_lr_0.01": 0.012609165037671724,
  "fpcs_7_data_fourier_11_component_bspline_19_lr_0.06": 0.011158464383333922,
  "fpcs_7_data_bspline_11_component_fourier_11_lr_0.032": 0.011697574704885484,
  "fpcs_7_data_fourier_15_component_fourier_19_lr_0.092": 0.010639390101035437,
  "fpcs_7_data_bspline_9_component_fourier_15_lr_0.044": 0.011961143836379052,
  "fpcs_7_data_bspline_11_component_fourier_9_lr_0.08": 0.012721096600095431,
  "fpcs_7_data_bspline_15_component_bspline_19_lr_0.037": 0.01093002005169789,
  "fpcs_7_data_fourier_9_component_bspline_19_lr_0.009": 0.011544227475921312,
  "fpcs_7_data_fourier_11_component_bspline_15_lr_0.096": 0.012150603967408339,
  "fpcs_7_data_fourier_11_component_fourier_11_lr_0.06": 0.011984512582421303,
  "fpcs_7_data_fourier_19_component_fourier_9_lr_0.006": 0.011416572456558546,
  "raw_9_lr0.05": 0.01231778512398402,
  "fpcs_9_data_fourier_15_component_fourier_11_lr_0.037": 0.012757721605400243,
  "fpcs_9_data_bspline_11_component_bspline_19_lr_0.005": 0.013100051631530127,
  "fpcs_9_data_fourier_15_component_fourier_15_lr_0.043": 0.012930707819759845,
  "fpcs_9_data_bspline_11_component_fourier_15_lr_0.073": 0.012555015708009402,
  "fpcs_9_data_bspline_19_component_bspline_11_lr_0.028": 0.012368933856487274,
  "fpcs_9_data_fourier_15_component_bspline_9_lr_0.052": 0.012508841728170713,
  "fpcs_9_data_bspline_9_component_fourier_11_lr_0.046": 0.013104886437455813,
  "fpcs_9_data_bspline_11_component_fourier_15_lr_0.072": 0.012958430623014766,
  "fpcs_9_data_fourier_11_component_fourier_9_lr_0.044": 0.01268962367127339,
  "fpcs_9_data_bspline_19_component_fourier_19_lr_0.077": 0.01409526498367389,
  "fpcs_9_data_fourier_11_component_bspline_11_lr_0.037": 0.012999855789045493,
  "fpcs_9_data_fourier_11_component_fourier_11_lr_0.044": 0.012462669548889001,
  "fpcs_9_data_bspline_19_component_bspline_15_lr_0.042": 0.01208510926614205,
  "fpcs_9_data_fourier_9_component_fourier_9_lr_0.045": 0.013473928160965444,
  "fpcs_9_data_fourier_11_component_fourier_15_lr_0.039": 0.012194495213528472,
  "fpcs_9_data_fourier_19_component_bspline_15_lr_0.032": 0.012554878120621045,
  "fpcs_9_data_fourier_11_component_fourier_15_lr_0.098": 0.01417819671332836,
  "fpcs_9_data_fourier_11_component_bspline_19_lr_0.069": 0.014303266194959481,
  "fpcs_9_data_bspline_9_component_fourier_15_lr_0.025": 0.01290478737403949,
  "fpcs_9_data_fourier_9_component_fourier_9_lr_0.06": 0.013267570609847705,
  "fpcs_9_data_bspline_11_component_bspline_15_lr_0.031": 0.012110532199343044,
  "fpcs_9_data_fourier_11_component_fourier_11_lr_0.091": 0.014851282661159834,
  "fpcs_9_data_fourier_15_component_bspline_19_lr_0.061": 0.01156870163977146,
  "fpcs_9_data_fourier_11_component_bspline_11_lr_0.004": 0.014001725614070893,
  "fpcs_9_data_bspline_11_component_bspline_19_lr_0.048": 0.012491965355972448,
  "fpcs_9_data_bspline_11_component_bspline_15_lr_0.07": 0.01194586642086506,
  "fpcs_9_data_fourier_9_component_bspline_19_lr_0.037": 0.012691205398490031,
  "fpcs_9_data_fourier_11_component_fourier_15_lr_0.054": 0.01212262058009704,
  "fpcs_9_data_bspline_11_component_bspline_19_lr_0.085": 0.013110662934680781,
  "fpcs_9_data_fourier_9_component_bspline_15_lr_0.025": 0.012994168636699518,
  "fpcs_9_data_fourier_9_component_fourier_11_lr_0.048": 0.012597058278818926,
  "fpcs_9_data_fourier_9_component_fourier_19_lr_0.078": 0.014493967965245247,
  "fpcs_9_data_fourier_11_component_fourier_9_lr_0.009": 0.01248398758471012,
  "fpcs_9_data_bspline_11_component_fourier_15_lr_0.045": 0.012769040837883947,
  "fpcs_9_data_bspline_15_component_bspline_15_lr_0.093": 0.014703473759194216,
  "fpcs_9_data_bspline_19_component_fourier_15_lr_0.045": 0.011637790252765021,
  "fpcs_9_data_fourier_15_component_bspline_11_lr_0.001": 0.014116654731333255,
  "fpcs_9_data_fourier_11_component_fourier_19_lr_0.067": 0.012882794005175432,
  "fpcs_9_data_fourier_9_component_bspline_9_lr_0.014": 0.012539921514689923,
  "fpcs_9_data_bspline_11_component_bspline_15_lr_0.01": 0.012587093065182367,
  "fpcs_9_data_fourier_11_component_bspline_19_lr_0.06": 0.012562435492873192,
  "fpcs_9_data_bspline_11_component_fourier_11_lr_0.032": 0.011905482287208238,
  "fpcs_9_data_fourier_15_component_fourier_19_lr_0.092": 0.013454956623415152,
  "fpcs_9_data_bspline_9_component_fourier_15_lr_0.044": 0.012732830892006558,
  "fpcs_9_data_bspline_11_component_fourier_9_lr_0.08": 0.014186128849784534,
  "fpcs_9_data_bspline_15_component_bspline_19_lr_0.037": 0.013164373487234114,
  "fpcs_9_data_fourier_9_component_bspline_19_lr_0.009": 0.012924847441414993,
  "fpcs_9_data_fourier_11_component_bspline_15_lr_0.096": 0.011903460882604121,
  "fpcs_9_data_fourier_11_component_fourier_11_lr_0.06": 0.013063987530767917,