{
  "raw_7_lr0.05": 0.3053240686655045,
  "fpcs_7_data_fourier_9_component_fourier_15_lr_0.023": 0.32071402867635096,
  "fpcs_7_data_bspline_9_component_bspline_9_lr_0.046": 0.3346330960591634,
  "fpcs_7_data_bspline_19_component_bspline_11_lr_0.062": 0.3067797193924586,
  "fpcs_7_data_bspline_9_component_fourier_15_lr_0.073": 0.34792186617851256,
  "fpcs_7_data_bspline_11_component_fourier_11_lr_0.023": 0.3215964903434118,
  "fpcs_7_data_fourier_19_component_bspline_15_lr_0.043": 0.3375436842441559,
  "fpcs_7_data_bspline_15_component_bspline_15_lr_0.048": 0.3409309605757396,
  "fpcs_7_data_fourier_15_component_fourier_11_lr_0.037": 0.3268415162960688,
  "fpcs_7_data_fourier_9_component_fourier_11_lr_0.078": 0.30920678774515786,
  "fpcs_7_data_fourier_15_component_fourier_9_lr_0.052": 0.2937498579422633,
  "fpcs_7_data_bspline_15_component_bspline_15_lr_0.05": 0.3259613424539566,
  "fpcs_7_data_fourier_9_component_fourier_15_lr_0.002": 0.34423354764779407,
  "fpcs_7_data_fourier_11_component_bspline_19_lr_0.028": 0.3310862402121226,
  "fpcs_7_data_bspline_11_component_bspline_19_lr_0.012": 0.31170810759067535,
  "fpcs_7_data_fourier_11_component_fourier_9_lr_0.025": 0.3108409295479457,
  "fpcs_7_data_fourier_19_component_fourier_15_lr_0.06": 0.3472874691088994,
  "fpcs_7_data_fourier_9_component_fourier_11_lr_0.06": 0.31099426945050557,
  "fpcs_7_data_bspline_11_component_bspline_11_lr_0.024": 0.3421342114607493,
  "fpcs_7_data_bspline_11_component_fourier_15_lr_0.078": 0.30465017159779867,
  "fpcs_7_data_bspline_11_component_bspline_19_lr_0.038": 0.3103402445713679,
  "fpcs_7_data_fourier_15_component_bspline_9_lr_0.023": 0.3185181637605031,
  "fpcs_7_data_bspline_19_component_bspline_9_lr_0.023": 0.3141471306482951,
  "fpcs_7_data_bspline_19_component_fourier_15_lr_0.017": 0.33450546363989514,
  "fpcs_7_data_fourier_11_component_fourier_11_lr_0.085": 0.3294069588184357,
  "fpcs_7_data_fourier_15_component_bspline_19_lr_0.009": 0.32497160534063974,
  "fpcs_7_data_fourier_15_component_fourier_19_lr_0.009": 0.3273163090149562,
  "fpcs_7_data_fourier_19_component_bspline_19_lr_0.08": 0.33238275547822316,
  "fpcs_7_data_bspline_9_component_fourier_19_lr_0.006": 0.3378808985153834,
  "fpcs_7_data_fourier_15_component_bspline_19_lr_0.037": 0.3278542657693227,
  "fpcs_7_data_fourier_19_component_bspline_15_lr_0.036": 0.3519577354192734,
  "fpcs_7_data_fourier_11_component_fourier_15_lr_0.063": 0.3367112050453822,
  "fpcs_7_data_bspline_11_component_fourier_15_lr_0.068": 0.3273752470811208,
  "fpcs_7_data_fourier_19_component_bspline_11_lr_0.041": 0.32142797708511356,
  "fpcs_7_data_fourier_9_component_bspline_15_lr_0.062": 0.29612802068392435,
  "fpcs_7_data_fourier_11_component_fourier_19_lr_0.07": 0.3155801216761271,
  "fpcs_7_data_bspline_15_component_fourier_19_lr_0.086": 0.31561797161897026,
  "fpcs_7_data_fourier_9_component_fourier_19_lr_0.064": 0.3225624034802119,
  "fpcs_7_data_bspline_11_component_fourier_19_lr_0.08": 0.33976012070973716,
  "fpcs_7_data_bspline_15_component_bspline_19_lr_0.043": 0.3333336065212886,
  "fpcs_7_data_fourier_19_component_bspline_11_lr_0.059": 0.3217405249675115,
  "fpcs_7_data_fourier_15_component_bspline_9_lr_0.059": 0.3359038621187211,
  "fpcs_7_data_fourier_15_component_fourier_15_lr_0.02": 0.33788579503695165,
  "fpcs_7_data_fourier_9_component_fourier_9_lr_0.036": 0.31551263729731244,
  "fpcs_7_data_bspline_15_component_bspline_11_lr_0.01": 0.3298908491929372,
  "fpcs_7_data_fourier_11_component_fourier_15_lr_0.028": 0.3386960844198863,
  "fpcs_7_data_fourier_15_component_fourier_15_lr_0.048": 0.3272438138723373,
  "fpcs_7_data_fourier_15_component_fourier_9_lr_0.055": 0.3121367394924164,
  "fpcs_7_data_bspline_9_component_fourier_15_lr_0.088": 0.35403697192668915,
  "fpcs_7_data_bspline_9_component_bspline_15_lr_0.029": 0.3317675352096558,
  "fpcs_7_data_fourier_15_component_bspline_19_lr_0.099": 0.30764186481634775,
  "raw_9_lr0.05": 0.309772065281868,
  "fpcs_9_data_fourier_9_component_fourier_15_lr_0.023": 0.3462788760662079,
  "fpcs_9_data_bspline_9_component_bspline_9_lr_0.046": 0.3385409067074458,
  "fpcs_9_data_bspline_19_component_bspline_11_lr_0.062": 0.3543533245722452,
  "fpcs_9_data_bspline_9_component_fourier_15_lr_0.073": 0.32640724380811054,
  "fpcs_9_data_bspline_11_component_fourier_11_lr_0.023": 0.3665016929308573,
  "fpcs_9_data_fourier_19_component_bspline_15_lr_0.043": 0.34150569637616474,
  "fpcs_9_data_bspline_15_component_bspline_15_lr_0.048": 0.33124977548917134,
  "fpcs_9_data_fourier_15_component_fourier_11_lr_0.037": 0.3237381219863891,
  "fpcs_9_data_fourier_9_component_fourier_11_lr_0.078": 0.3214907735586166,
  "fpcs_9_data_fourier_15_component_fourier_9_lr_0.052": 0.32576931913693746,
  "fpcs_9_data_bspline_15_component_bspline_15_lr_0.05": 0.33133962154388424,
  "fpcs_9_data_fourier_9_component_fourier_15_lr_0.002": 0.3782882551352183,
  "fpcs_9_data_fourier_11_component_bspline_19_lr_0.028": 0.3320515851179759,
  "fpcs_9_data_bspline_11_component_bspline_19_lr_0.012": 0.3449487408002218,
  "fpcs_9_data_fourier_11_component_fourier_9_lr_0.025": 0.3547362824281057,
  "fpcs_9_data_fourier_19_component_fourier_15_lr_0.06": 0.36528955698013305,
  "fpcs_9_data_fourier_9_component_fourier_11_lr_0.06": 0.3490073074897131,
  "fpcs_9_data_bspline_11_component_bspline_11_lr_0.024": 0.34775106012821194,
  "fpcs_9_data_bspline_11_component_fourier_15_lr_0.078": 0.3460723469654719,
  "fpcs_9_data_bspline_11_component_bspline_19_lr_0.038": 0.3400089919567108,
  "fpcs_9_data_fourier_15_component_bspline_9_lr_0.023": 0.3274469792842865,
  "fpcs_9_data_bspline_19_component_bspline_9_lr_0.023": 0.3475625415643056,
  "fpcs_9_data_bspline_19_component_fourier_15_lr_0.017": 0.34889252881209054,
  "fpcs_9_data_fourier_11_component_fourier_11_lr_0.085": 0.3466625213623047,
  "fpcs_9_data_fourier_15_component_bspline_19_lr_0.009": 0.38047549029191335,
  "fpcs_9_data_fourier_15_component_fourier_19_lr_0.009": 0.36345886687437695,
  "fpcs_9_data_fourier_19_component_bspline_19_lr_0.08": 0.3327957143386205,
  "fpcs_9_data_bspline_9_component_fourier_19_lr_0.006": 0.34323589205741883,
  "fpcs_9_data_fourier_15_component_bspline_19_lr_0.037": 0.34678718944390613,
  "fpcs_9_data_fourier_19_component_bspline_15_lr_0.036": 0.3530578027168909,
  "fpcs_9_data_fourier_11_component_fourier_15_lr_0.063": 0.3128297666708629,
  "fpcs_9_data_bspline_11_component_fourier_15_lr_0.068": 0.38054832120736437,
  "fpcs_9_data_fourier_19_component_bspline_11_lr_0.041": 0.31974690556526186,
  "fpcs_9_data_fourier_9_component_bspline_15_lr_0.062": 0.34459054470062256,
  "fpcs_9_data_fourier_11_component_fourier_19_lr_0.07": 0.3446870267391205,
  "fpcs_9_data_bspline_15_component_fourier_19_lr_0.086": 0.3471045156319936,
  "fpcs_9_data_fourier_9_component_fourier_19_lr_0.064": 0.3177178740501404,
  "fpcs_9_data_bspline_11_component_fourier_19_lr_0.08": 0.3375976373751958,
  "fpcs_9_data_bspline_15_component_bspline_19_lr_0.043": 0.3284920146067937,
  "fpcs_9_data_fourier_19_component_bspline_11_lr_0.059": 0.3353304783503215,
  "fpcs_9_data_fourier_15_component_bspline_9_lr_0.059": 0.32633084853490196,
  "fpcs_9_data_fourier_15_component_fourier_15_lr_0.02": 0.35724424421787265,
  "fpcs_9_data_fourier_9_component_fourier_9_lr_0.036": 0.354592564702034,
  "fpcs_9_data_bspline_15_component_bspline_11_lr_0.01": 0.34327917496363325,
  "fpcs_9_data_fourier_11_component_fourier_15_lr_0.028": 0.3182601898908615,
  "fpcs_9_data_fourier_15_component_fourier_15_lr_0.048": 0.33096636037031807,
  "fpcs_9_data_fourier_15_component_fourier_9_lr_0.055": 0.33405873576800027,
  "fpcs_9_data_bspline_9_component_fourier_15_lr_0.088": 0.3402065227429072,
  "fpcs_9_data_bspline_9_component_bspline_15_lr_0.029": 0.33473644455273943,
  "fpcs_9_data_fourier_15_component_bspline_19_lr_0.099": 0.3703469266494115
}