{
  "raw_7_lr0.05": 1.2370651761690776,
  "fpca_7_data_fourier_19_component_bspline_19_lr_0.07": 1.3262903253237406,
  "fpca_7_data_fourier_15_component_bspline_11_lr_0.064": 1.8102243423461915,
  "fpca_7_data_fourier_11_component_fourier_11_lr_0.063": 1.4338053266207378,
  "fpca_7_data_bspline_19_component_bspline_15_lr_0.011": 1.499144794543584,
  "fpca_7_data_bspline_15_component_fourier_11_lr_0.035": 1.9997209866841636,
  "fpca_7_data_fourier_9_component_bspline_11_lr_0.043": 1.611322565873464,
  "fpca_7_data_bspline_9_component_bspline_19_lr_0.079": 1.7537733316421509,
  "fpca_7_data_bspline_15_component_bspline_15_lr_0.086": 1.5346575180689495,
  "fpca_7_data_fourier_9_component_fourier_19_lr_0.032": 1.4912914435068767,
  "fpca_7_data_fourier_19_component_bspline_9_lr_0.096": 1.7094571113586425,
  "fpca_7_data_bspline_19_component_fourier_11_lr_0.058": 1.4708156029383341,
  "fpca_7_data_bspline_15_component_bspline_15_lr_0.042": 1.40336092710495,
  "fpca_7_data_fourier_15_component_bspline_19_lr_0.077": 1.3850111524264017,
  "fpca_7_data_fourier_19_component_fourier_9_lr_0.094": 2.014928988615672,
  "fpca_7_data_bspline_15_component_bspline_11_lr_0.014": 1.511869796117147,
  "fpca_7_data_fourier_15_component_bspline_9_lr_0.093": 1.8300325314203898,
  "fpca_7_data_bspline_15_component_fourier_9_lr_0.052": 1.6474884986877443,
  "fpca_7_data_bspline_19_component_bspline_11_lr_0.01": 1.4283307631810505,
  "fpca_7_data_bspline_15_component_bspline_19_lr_0.014": 1.4823224067687988,
  "fpca_7_data_bspline_19_component_bspline_15_lr_0.075": 1.5667612075805664,
  "fpca_7_data_bspline_11_component_bspline_15_lr_0.038": 1.7031517982482909,
  "fpca_7_data_fourier_19_component_fourier_11_lr_0.095": 1.9496581832567852,
  "fpca_7_data_bspline_15_component_bspline_9_lr_0.015": 1.509821061293284,
  "fpca_7_data_bspline_19_component_fourier_11_lr_0.024": 1.350410278638204,
  "fpca_7_data_fourier_19_component_bspline_19_lr_0.047": 1.2369783123334248,
  "fpca_7_data_fourier_15_component_bspline_19_lr_0.06": 1.25673193136851,
  "fpca_7_data_fourier_15_component_fourier_15_lr_0.009": 1.3170566042264302,
  "fpca_7_data_bspline_15_component_bspline_11_lr_0.028": 1.268662667274475,
  "fpca_7_data_fourier_15_component_fourier_19_lr_0.096": 1.2006191273530324,
  "fpca_7_data_fourier_11_component_bspline_15_lr_0.086": 1.6763311624526978,
  "fpca_7_data_bspline_19_component_bspline_19_lr_0.082": 1.3333275198936463,
  "fpca_7_data_fourier_11_component_bspline_11_lr_0.031": 1.594947636127472,
  "fpca_7_data_fourier_11_component_fourier_19_lr_0.092": 1.42646134297053,
  "fpca_7_data_bspline_19_component_bspline_15_lr_0.048": 1.398866359392802,
  "fpca_7_data_fourier_9_component_fourier_19_lr_0.026": 1.5449293971061706,
  "fpca_7_data_bspline_9_component_fourier_15_lr_0.083": 1.7261364499727885,
  "fpca_7_data_fourier_9_component_bspline_11_lr_0.076": 1.735149649779002,
  "fpca_7_data_bspline_15_component_fourier_15_lr_0.063": 1.542773441473643,
  "fpca_7_data_bspline_19_component_fourier_11_lr_0.013": 1.3316829522450766,
  "fpca_7_data_fourier_15_component_bspline_15_lr_0.1": 1.4553351640701295,
  "fpca_7_data_bspline_11_component_fourier_9_lr_0.059": 1.6143975655237834,
  "fpca_7_data_bspline_9_component_fourier_15_lr_0.077": 1.6552836219469704,
  "fpca_7_data_fourier_11_component_bspline_11_lr_0.03": 1.489926815032959,
  "fpca_7_data_bspline_11_component_bspline_9_lr_0.083": 1.6295500715573628,
  "fpca_7_data_bspline_19_component_fourier_9_lr_0.096": 1.8584514538447063,
  "fpca_7_data_bspline_9_component_bspline_19_lr_0.077": 1.5672070940335594,
  "fpca_7_data_bspline_15_component_bspline_11_lr_0.041": 1.4808059990406035,
  "fpca_7_data_bspline_19_component_bspline_9_lr_0.039": 1.5534066081047058,
  "fpca_7_data_fourier_9_component_fourier_9_lr_0.071": 1.5418285767237345,
  "fpca_7_data_fourier_11_component_bspline_9_lr_0.046": 1.81806321144104,
  "fpca_7_data_fourier_19_component_bspline_11_lr_0.005": 2.016406269868215,
  "fpca_7_data_fourier_19_component_fourier_9_lr_0.095": 1.7800780256589253,
  "fpca_7_data_fourier_9_component_fourier_19_lr_0.008": 1.8935989300409952,
  "fpca_7_data_bspline_9_component_fourier_9_lr_0.042": 1.579209796587626,
  "fpca_7_data_bspline_11_component_fourier_19_lr_0.067": 1.5224557558695473,
  "fpca_7_data_bspline_11_component_bspline_19_lr_0.058": 1.7589803695678714,
  "fpca_7_data_fourier_11_component_fourier_11_lr_0.075": 1.8594157298405964,
  "fpca_7_data_fourier_11_component_fourier_9_lr_0.048": 1.628950822353363,
  "fpca_7_data_fourier_9_component_bspline_19_lr_0.063": 1.6681307792663576,
  "fpca_7_data_bspline_11_component_bspline_11_lr_0.028": 1.3966912666956584,
  "fpca_7_data_fourier_9_component_bspline_9_lr_0.069": 1.5520971616109211,
  "fpca_7_data_bspline_9_component_bspline_19_lr_0.084": 1.6314669330914817,
  "fpca_7_data_fourier_9_component_bspline_15_lr_0.026": 1.6144147793451946,
  "fpca_7_data_fourier_11_component_bspline_11_lr_0.039": 1.8135357697804768,
  "fpca_7_data_fourier_15_component_bspline_15_lr_0.086": 1.7585344831148781,
  "fpca_7_data_fourier_11_component_bspline_11_lr_0.098": 1.7141497095425924,
  "fpca_7_data_bspline_15_component_bspline_11_lr_0.052": 1.6947583834330242,
  "fpca_7_data_bspline_11_component_fourier_15_lr_0.01": 1.5574248711268108,
  "fpca_7_data_bspline_11_component_bspline_19_lr_0.08": 1.5711236953735355,
  "fpca_7_data_bspline_19_component_fourier_11_lr_0.09": 1.6742488265037536,
  "fpca_7_data_fourier_15_component_fourier_11_lr_0.01": 1.5414634148279827,
  "fpca_7_data_fourier_15_component_bspline_15_lr_0.042": 1.3888025442759198,
  "fpca_7_data_fourier_9_component_fourier_15_lr_0.047": 1.7439686576525368,
  "fpca_7_data_fourier_19_component_fourier_9_lr_0.076": 1.4739045143127443,
  "fpca_7_data_fourier_15_component_fourier_19_lr_0.07": 1.3937380154927572,
  "fpca_7_data_fourier_15_component_fourier_15_lr_0.026": 1.4048965692520141,
  "fpca_7_data_fourier_19_component_fourier_15_lr_0.099": 1.4552190780639649,
  "fpca_7_data_fourier_11_component_bspline_11_lr_0.041": 1.659812581539154,
  "fpca_7_data_bspline_15_component_fourier_19_lr_0.036": 1.4885483821233114,
  "fpca_7_data_fourier_11_component_bspline_11_lr_0.021": 1.5973528583844503,
  "fpca_7_data_fourier_9_component_fourier_19_lr_0.019": 1.6534744580586753,
  "fpca_7_data_bspline_9_component_bspline_9_lr_0.055": 1.561852471033732,
  "fpca_7_data_bspline_15_component_fourier_19_lr_0.077": 1.7510422746340435,
  "fpca_7_data_bspline_19_component_bspline_9_lr_0.079": 1.5529647429784141,
  "fpca_7_data_fourier_19_component_bspline_15_lr_0.007": 1.6187981843948365,
  "fpca_7_data_fourier_11_component_fourier_19_lr_0.025": 1.5262591600418094,
  "fpca_7_data_fourier_11_component_fourier_19_lr_0.009": 1.8485475103060403,
  "fpca_7_data_bspline_11_component_bspline_9_lr_0.03": 1.499584925174713,
  "fpca_7_data_fourier_15_component_fourier_11_lr_0.082": 1.5853191177050272,
  "fpca_7_data_fourier_19_component_bspline_15_lr_0.071": 1.5852319757143656,
  "fpca_7_data_fourier_15_component_bspline_15_lr_0.013": 1.5761672139167786,
  "fpca_7_data_fourier_11_component_bspline_15_lr_0.027": 1.4885292410850524,
  "fpca_7_data_bspline_19_component_bspline_19_lr_0.013": 1.461834987004598,
  "fpca_7_data_fourier_11_component_bspline_15_lr_0.036": 1.4713415503501892,
  "fpca_7_data_bspline_11_component_fourier_15_lr_0.062": 1.6127180377642312,
  "fpca_7_data_bspline_11_component_fourier_19_lr_0.034": 1.7150290807088215,
  "fpca_7_data_fourier_11_component_bspline_11_lr_0.057": 1.5893518924713135,
  "fpca_7_data_fourier_11_component_fourier_15_lr_0.002": 1.8301631927490234,
  "fpca_7_data_bspline_19_component_bspline_11_lr_0.084": 1.6751066545645397,
  "fpca_7_data_bspline_11_component_fourier_15_lr_0.039": 1.787030593554179,
  "raw_9_lr0.05": 0.9875487367312115,
  "fpca_9_data_fourier_19_component_bspline_19_lr_0.07": 1.3827109932899475,
  "fpca_9_data_fourier_15_component_bspline_11_lr_0.064": 1.4491308768590292,