{
  "hat_kneighbors_bw_0.37_k_17_basis_fourier_n_7": 0.47064792842485914,
  "hat_nadarayawatson_bw_0.52_k_16_basis_fourier_n_15": 0.3998488716056769,
  "hat_locallinear_bw_0.51_k_15_basis_bspline_n_15": 0.34195200735872516,
  "hat_nadarayawatson_bw_0.63_k_16_basis_bspline_n_5": 0.4980122046149864,
  "hat_kneighbors_bw_0.14_k_8_basis_bspline_n_5": 0.4227489197839517,
  "hat_nadarayawatson_bw_0.55_k_7_basis_fourier_n_11": 0.4230042033281289,
  "hat_locallinear_bw_0.26_k_14_basis_fourier_n_15": 0.5688680990023074,
  "hat_kneighbors_bw_0.77_k_12_basis_fourier_n_9": 0.45305182266253413,
  "hat_kneighbors_bw_0.4_k_12_basis_fourier_n_15": 0.45305182266253413,
  "hat_kneighbors_bw_0.6_k_6_basis_fourier_n_7": 0.4134352551353341,
  "hat_nadarayawatson_bw_0.13_k_18_basis_fourier_n_11": 0.37097117363760923,
  "hat_kneighbors_bw_0.15_k_13_basis_bspline_n_5": 0.4542804706092811,
  "hat_kneighbors_bw_0.17_k_3_basis_bspline_n_9": 0.43076248542040513,
  "hat_locallinear_bw_0.25_k_3_basis_bspline_n_11": 0.7387297337152657,
  "hat_kneighbors_bw_0.12_k_18_basis_fourier_n_11": 0.48048996469846805,
  "hat_kneighbors_bw_0.77_k_18_basis_fourier_n_11": 0.48048996469846805,
  "hat_kneighbors_bw_0.14_k_3_basis_bspline_n_11": 0.43076248542040513,
  "hat_kneighbors_bw_0.77_k_18_basis_bspline_n_9": 0.48048996469846805,
  "hat_nadarayawatson_bw_0.52_k_3_basis_bspline_n_15": 0.3998488716056769,
  "hat_locallinear_bw_0.63_k_16_basis_bspline_n_5": 0.2813078895609161,
  "hat_nadarayawatson_bw_0.4_k_17_basis_fourier_n_5": 0.3351364913552525,
  "hat_locallinear_bw_0.73_k_8_basis_bspline_n_9": 0.2843060629364086,
  "hat_locallinear_bw_0.32_k_9_basis_bspline_n_15": 0.5202785758598207,
  "hat_nadarayawatson_bw_0.15_k_12_basis_bspline_n_7": 0.35172688949745046,
  "hat_nadarayawatson_bw_0.56_k_13_basis_bspline_n_15": 0.4313444637398109,
  "hat_nadarayawatson_bw_0.54_k_11_basis_bspline_n_11": 0.41497332325118597,
  "hat_locallinear_bw_0.54_k_17_basis_fourier_n_9": 0.30157394026934814,
  "hat_locallinear_bw_0.22_k_18_basis_fourier_n_9": 0.6445455828935703,
  "hat_nadarayawatson_bw_0.63_k_6_basis_fourier_n_11": 0.4980122046149864,
  "hat_kneighbors_bw_0.35_k_15_basis_bspline_n_11": 0.4683131269030777,
  "hat_locallinear_bw_0.73_k_15_basis_bspline_n_7": 0.27729777895902213,
  "hat_kneighbors_bw_0.54_k_2_basis_bspline_n_15": 0.46335161663302615,
  "hat_kneighbors_bw_0.17_k_2_basis_bspline_n_7": 0.46335161663302615,
  "hat_locallinear_bw_0.46_k_8_basis_fourier_n_15": 0.35897030692916965,
  "hat_locallinear_bw_0.34_k_9_basis_fourier_n_11": 0.4076219976468913,
  "hat_locallinear_bw_0.55_k_12_basis_fourier_n_9": 0.30051412805137934,
  "hat_nadarayawatson_bw_0.24_k_11_basis_bspline_n_9": 0.3155872416683412,
  "hat_locallinear_bw_0.12_k_17_basis_fourier_n_15": 9.420449512828103,
  "hat_kneighbors_bw_0.77_k_17_basis_bspline_n_15": 0.47064792842485914,
  "hat_nadarayawatson_bw_0.4_k_5_basis_bspline_n_15": 0.3351364913552525,
  "hat_kneighbors_bw_0.57_k_8_basis_fourier_n_5": 0.4227489197839517,
  "hat_kneighbors_bw_0.65_k_12_basis_fourier_n_7": 0.45305182266253413,
  "hat_nadarayawatson_bw_0.32_k_5_basis_fourier_n_5": 0.31541047874959083,
  "hat_kneighbors_bw_0.33_k_18_basis_bspline_n_15": 0.48048996469846805,
  "hat_kneighbors_bw_0.29_k_16_basis_fourier_n_7": 0.4709529821947459,
  "hat_locallinear_bw_0.17_k_15_basis_bspline_n_9": 1.1451136536791344,
  "hat_locallinear_bw_0.6_k_18_basis_fourier_n_9": 0.2959990374640844,
  "hat_locallinear_bw_0.33_k_8_basis_bspline_n_9": 0.3626896903360167,
  "hat_locallinear_bw_0.22_k_7_basis_fourier_n_15": 0.7127052447947914,
  "hat_kneighbors_bw_0.77_k_17_basis_fourier_n_9": 0.47064792842485914
}