{
  "raw_7_lr0.05": 1.0596883893013,
  "fpcs_7_data_bspline_15_component_fourier_15_lr_0.014": 1.826847697297732,
  "fpcs_7_data_bspline_11_component_fourier_11_lr_0.018": 2.1505947093168896,
  "fpcs_7_data_bspline_11_component_bspline_9_lr_0.01": 2.0318561096986136,
  "fpcs_7_data_bspline_9_component_fourier_11_lr_0.004": 3.589721393585205,
  "fpcs_7_data_fourier_15_component_bspline_15_lr_0.006": 2.396893342336019,
  "fpcs_7_data_fourier_15_component_bspline_11_lr_0.026": 1.241914482911428,
  "fpcs_7_data_bspline_19_component_bspline_15_lr_0.003": 2.4911656796932222,
  "fpcs_7_data_fourier_19_component_fourier_11_lr_0.029": 1.604849921663602,
  "fpcs_7_data_bspline_19_component_bspline_15_lr_0.019": 1.6031665662924448,
  "fpcs_7_data_bspline_9_component_bspline_9_lr_0.025": 1.6782153169314065,
  "fpcs_7_data_fourier_15_component_bspline_19_lr_0.021": 1.6464750637610752,
  "fpcs_7_data_bspline_11_component_bspline_11_lr_0.017": 1.7427040020624798,
  "fpcs_7_data_bspline_11_component_fourier_9_lr_0.014": 1.8890267143646877,
  "fpcs_7_data_fourier_9_component_fourier_19_lr_0.012": 1.7864048480987549,
  "fpcs_7_data_bspline_11_component_bspline_19_lr_0.02": 1.5504755318164827,
  "fpcs_7_data_fourier_11_component_fourier_9_lr_0.012": 2.3175596614678704,
  "fpcs_7_data_bspline_11_component_bspline_9_lr_0.02": 1.7710264186064404,
  "fpcs_7_data_bspline_19_component_bspline_11_lr_0.007": 1.9584255476792656,
  "fpcs_7_data_fourier_19_component_bspline_19_lr_0.017": 1.5674751281738282,
  "fpcs_7_data_fourier_9_component_fourier_11_lr_0.009": 2.3108795076608657,
  "fpcs_7_data_fourier_9_component_fourier_15_lr_0.024": 1.6705120523770651,
  "fpcs_7_data_fourier_15_component_fourier_15_lr_0.02": 1.510545188188553,
  "fpcs_7_data_fourier_15_component_fourier_9_lr_0.009": 2.727587308486303,
  "fpcs_7_data_bspline_11_component_bspline_9_lr_0.009": 2.1156324158112207,
  "fpcs_7_data_bspline_9_component_bspline_19_lr_0.015": 1.409181479612986,
  "fpcs_7_data_fourier_9_component_bspline_19_lr_0.021": 1.9099084814389549,
  "fpcs_7_data_bspline_19_component_fourier_11_lr_0.007": 2.05857581893603,
  "fpcs_7_data_bspline_19_component_bspline_19_lr_0.013": 1.6908737619717915,
  "fpcs_7_data_bspline_19_component_fourier_11_lr_0.004": 2.722519306341807,
  "fpcs_7_data_fourier_11_component_bspline_19_lr_0.003": 3.305707746744156,
  "fpcs_7_data_fourier_15_component_bspline_19_lr_0.019": 1.5605958918730416,
  "fpcs_7_data_bspline_11_component_fourier_15_lr_0.003": 2.2390508015950523,
  "fpcs_7_data_bspline_11_component_bspline_19_lr_0.014": 1.827305312951406,
  "fpcs_7_data_bspline_19_component_fourier_19_lr_0.018": 1.751761043071747,
  "fpcs_7_data_fourier_19_component_bspline_11_lr_0.011": 1.6831262032190957,
  "fpcs_7_data_fourier_19_component_bspline_15_lr_0.021": 1.6752600779136022,
  "fpcs_7_data_fourier_11_component_bspline_15_lr_0.006": 2.751764733592669,
  "fpcs_7_data_bspline_15_component_bspline_19_lr_0.024": 1.7030825754006704,
  "fpcs_7_data_fourier_11_component_fourier_19_lr_0.016": 1.4355367481708525,
  "fpcs_7_data_fourier_19_component_fourier_9_lr_0.026": 1.846663155158361,
  "fpcs_7_data_bspline_15_component_fourier_11_lr_0.006": 2.1707810471455256,
  "fpcs_7_data_fourier_19_component_fourier_15_lr_0.008": 2.092395536104838,
  "fpcs_7_data_fourier_15_component_bspline_15_lr_0.021": 1.594925473133723,
  "fpcs_7_data_fourier_11_component_fourier_11_lr_0.007": 2.0637795567512516,
  "fpcs_7_data_fourier_19_component_bspline_15_lr_0.001": 3.6002172887325288,
  "fpcs_7_data_fourier_9_component_bspline_19_lr_0.025": 1.7881223519643148,
  "fpcs_7_data_fourier_11_component_bspline_11_lr_0.006": 2.60718465646108,
  "fpcs_7_data_fourier_9_component_fourier_19_lr_0.006": 2.3592484454313913,
  "raw_9_lr0.05": 1.6100612362225852,
  "fpcs_9_data_bspline_15_component_fourier_15_lr_0.014": 2.780643697579702,
  "fpcs_9_data_bspline_11_component_fourier_11_lr_0.018": 2.6682077248891196,
  "fpcs_9_data_bspline_11_component_bspline_9_lr_0.01": 2.818429817756017,
  "fpcs_9_data_bspline_9_component_fourier_11_lr_0.004": 4.2498144308726,
  "fpcs_9_data_fourier_15_component_bspline_15_lr_0.006": 3.9694061477979026,
  "fpcs_9_data_fourier_15_component_bspline_11_lr_0.026": 2.740094538529714,
  "fpcs_9_data_bspline_19_component_bspline_15_lr_0.003": 3.7564697225888573,
  "fpcs_9_data_fourier_19_component_fourier_11_lr_0.029": 3.228946326176325,
  "fpcs_9_data_bspline_19_component_bspline_15_lr_0.019": 2.0939700563748675,
  "fpcs_9_data_bspline_9_component_bspline_9_lr_0.025": 2.1978497286637624,
  "fpcs_9_data_fourier_15_component_bspline_19_lr_0.021": 2.3382455269495646,
  "fpcs_9_data_bspline_11_component_bspline_11_lr_0.017": 2.6725955665111543,
  "fpcs_9_data_bspline_11_component_fourier_9_lr_0.014": 2.621064152320226,
  "fpcs_9_data_fourier_9_component_fourier_19_lr_0.012": 2.6427405059337614,
  "fpcs_9_data_bspline_11_component_bspline_19_lr_0.02": 2.6154129803180695,
  "fpcs_9_data_fourier_11_component_fourier_9_lr_0.012": 2.3958686431248983,
  "fpcs_9_data_bspline_11_component_bspline_9_lr_0.02": 2.2605365534623463,
  "fpcs_9_data_bspline_19_component_bspline_11_lr_0.007": 3.691149814923604,
  "fpcs_9_data_fourier_19_component_bspline_19_lr_0.017": 1.9138604005177815,
  "fpcs_9_data_fourier_9_component_fourier_11_lr_0.009": 3.8142248421907428,
  "fpcs_9_data_fourier_9_component_fourier_15_lr_0.024": 2.6576588193575543,
  "fpcs_9_data_fourier_15_component_fourier_15_lr_0.02": 2.247443048159281,
  "fpcs_9_data_fourier_15_component_fourier_9_lr_0.009": 2.697343455751737,
  "fpcs_9_data_bspline_11_component_bspline_9_lr_0.009": 3.0727223138014477,
  "fpcs_9_data_bspline_9_component_bspline_19_lr_0.015": 2.8407378832499184,
  "fpcs_9_data_fourier_9_component_bspline_19_lr_0.021": 2.8222280422846477,
  "fpcs_9_data_bspline_19_component_fourier_11_lr_0.007": 3.4326829512914023,
  "fpcs_9_data_bspline_19_component_bspline_19_lr_0.013": 2.607502688964208,
  "fpcs_9_data_bspline_19_component_fourier_11_lr_0.004": 3.5295293370882668,
  "fpcs_9_data_fourier_11_component_bspline_19_lr_0.003": 4.436995240052542,
  "fpcs_9_data_fourier_15_component_bspline_19_lr_0.019": 2.2412951787312827,
  "fpcs_9_data_bspline_11_component_fourier_15_lr_0.003": 4.210971454779307,
  "fpcs_9_data_bspline_11_component_bspline_19_lr_0.014": 2.6767104963461557,
  "fpcs_9_data_bspline_19_component_fourier_19_lr_0.018": 2.5261075178782146,
  "fpcs_9_data_fourier_19_component_bspline_11_lr_0.011": 2.9453492363293967,
  "fpcs_9_data_fourier_19_component_bspline_15_lr_0.021": 2.182968501249949,
  "fpcs_9_data_fourier_11_component_bspline_15_lr_0.006": 4.056107378005982,
  "fpcs_9_data_bspline_15_component_bspline_19_lr_0.024": 2.529103567202886,
  "fpcs_9_data_fourier_11_component_fourier_19_lr_0.016": 3.273362390200297,
  "fpcs_9_data_fourier_19_component_fourier_9_lr_0.026": 2.9237026969591775,
  "fpcs_9_data_bspline_15_component_fourier_11_lr_0.006": 4.609457683563233,
  "fpcs_9_data_fourier_19_component_fourier_15_lr_0.008": 3.093464473883311,
  "fpcs_9_data_fourier_15_component_bspline_15_lr_0.021": 2.837633600831032,
  "fpcs_9_data_fourier_11_component_fourier_11_lr_0.007": 4.12553183833758,
  "fpcs_9_data_fourier_19_component_bspline_15_lr_0.001": 4.412133624156316,
  "fpcs_9_data_fourier_9_component_bspline_19_lr_0.025": 2.445433810353279,
  "fpcs_9_data_fourier_11_component_bspline_11_lr_0.006": 3.866212729612986,
  "fpcs_9_data_fourier_9_component_fourier_19_lr_0.006": 4.04926948149999
}