{
  "data_bspline_5_coef_bspline_5": 0.26719466829065375,
  "data_bspline_5_coef_bspline_7": 0.26719466829065336,
  "data_bspline_5_coef_bspline_9": 0.26719466829065414,
  "data_bspline_5_coef_fourier_5": 0.2671946682906531,
  "data_bspline_5_coef_fourier_7": 0.26719466829065386,
  "data_bspline_5_coef_fourier_9": 0.2671946682906536,
  "data_bspline_7_coef_bspline_5": 0.26719187779415143,
  "data_bspline_7_coef_bspline_7": 0.2673818360251491,
  "data_bspline_7_coef_bspline_9": 0.26738183602514903,
  "data_bspline_7_coef_fourier_5": 0.26760572303362784,
  "data_bspline_7_coef_fourier_7": 0.2673818360251489,
  "data_bspline_7_coef_fourier_9": 0.26738183602514887,
  "data_bspline_9_coef_bspline_5": 0.2671543890693506,
  "data_bspline_9_coef_bspline_7": 0.2673904172001177,
  "data_bspline_9_coef_bspline_9": 0.2670534736707622,
  "data_bspline_9_coef_fourier_5": 0.2674080849912551,
  "data_bspline_9_coef_fourier_7": 0.2678075797140361,
  "data_bspline_9_coef_fourier_9": 0.2670534736707613,
  "data_fourier_5_coef_bspline_5": 0.2675803446806545,
  "data_fourier_5_coef_bspline_7": 0.2675803446806545,
  "data_fourier_5_coef_bspline_9": 0.26758034468065406,
  "data_fourier_5_coef_fourier_5": 0.2675803446806548,
  "data_fourier_5_coef_fourier_7": 0.2675803446806545,
  "data_fourier_5_coef_fourier_9": 0.2675803446806547,
  "data_fourier_7_coef_bspline_5": 0.26767269340908656,
  "data_fourier_7_coef_bspline_7": 0.26803462874406553,
  "data_fourier_7_coef_bspline_9": 0.26803462874406697,
  "data_fourier_7_coef_fourier_5": 0.267581001378251,
  "data_fourier_7_coef_fourier_7": 0.26803462874406664,
  "data_fourier_7_coef_fourier_9": 0.2680346287440665,
  "data_fourier_9_coef_bspline_5": 0.2676337003719894,
  "data_fourier_9_coef_bspline_7": 0.26762493888412553,
  "data_fourier_9_coef_bspline_9": 0.26815549418705426,
  "data_fourier_9_coef_fourier_5": 0.2675465036320437,
  "data_fourier_9_coef_fourier_7": 0.26800624590646965,
  "data_fourier_9_coef_fourier_9": 0.2681554941870541
}