{
  "hat_nadarayawatson_bw_0.78_k_8_basis_bspline_n_15": 185.5885894936213,
  "hat_locallinear_bw_0.17_k_7_basis_fourier_n_9": 117.43572166112729,
  "hat_kneighbors_bw_0.07_k_12_basis_fourier_n_15": 108.86912878578703,
  "hat_locallinear_bw_0.32_k_11_basis_fourier_n_11": 53.760810727735475,
  "hat_locallinear_bw_0.32_k_17_basis_bspline_n_9": 47.78127401058551,
  "hat_kneighbors_bw_0.59_k_6_basis_fourier_n_15": 108.14782329854447,
  "hat_locallinear_bw_0.23_k_4_basis_fourier_n_5": 25.431110792024118,
  "hat_nadarayawatson_bw_0.73_k_15_basis_bspline_n_9": 174.56854530604105,
  "hat_locallinear_bw_0.23_k_10_basis_bspline_n_5": 42.02152637796727,
  "hat_nadarayawatson_bw_0.29_k_5_basis_fourier_n_5": 88.3739598302345,
  "hat_locallinear_bw_0.62_k_2_basis_bspline_n_7": 59.996362484586186,
  "hat_nadarayawatson_bw_0.48_k_2_basis_bspline_n_15": 117.12219216927011,
  "hat_kneighbors_bw_0.14_k_17_basis_bspline_n_7": 126.86880221015335,
  "hat_kneighbors_bw_0.65_k_10_basis_bspline_n_5": 99.47390105832291,
  "hat_locallinear_bw_0.75_k_9_basis_fourier_n_11": 88.97603555460046,
  "hat_nadarayawatson_bw_0.61_k_15_basis_bspline_n_15": 146.64728683815247,
  "hat_locallinear_bw_0.61_k_6_basis_fourier_n_7": 76.43604139568065,
  "hat_kneighbors_bw_0.43_k_12_basis_bspline_n_11": 108.86912878578703,
  "hat_locallinear_bw_0.63_k_6_basis_fourier_n_9": 79.01501364017331,
  "hat_nadarayawatson_bw_0.75_k_5_basis_fourier_n_7": 179.03673296849337,
  "hat_kneighbors_bw_0.17_k_2_basis_bspline_n_7": 88.37814696065304,
  "hat_locallinear_bw_0.32_k_16_basis_fourier_n_5": 33.69313670116983,
  "hat_nadarayawatson_bw_0.62_k_11_basis_bspline_n_7": 149.01035204112276,
  "hat_locallinear_bw_0.63_k_12_basis_bspline_n_15": 79.80422248610289,
  "hat_nadarayawatson_bw_0.18_k_11_basis_fourier_n_11": 75.81924004903233,
  "hat_kneighbors_bw_0.55_k_6_basis_bspline_n_11": 108.14782329854447,
  "hat_kneighbors_bw_0.33_k_6_basis_fourier_n_9": 108.14782329854447,
  "hat_nadarayawatson_bw_0.36_k_15_basis_bspline_n_11": 96.35357037459724,
  "hat_kneighbors_bw_0.61_k_2_basis_fourier_n_15": 88.37814696065304,
  "hat_nadarayawatson_bw_0.35_k_17_basis_fourier_n_11": 95.0586154308011,
  "hat_locallinear_bw_0.18_k_19_basis_bspline_n_11": 164.46005364104875,
  "hat_locallinear_bw_0.5_k_15_basis_fourier_n_5": 61.13734822959758,
  "hat_locallinear_bw_0.75_k_9_basis_bspline_n_11": 92.26475568043602,
  "hat_nadarayawatson_bw_0.78_k_19_basis_bspline_n_11": 185.5885894936213,
  "hat_nadarayawatson_bw_0.99_k_6_basis_bspline_n_15": 224.9865035626198,
  "hat_locallinear_bw_0.78_k_16_basis_bspline_n_11": 96.55369552509168,
  "hat_nadarayawatson_bw_0.99_k_5_basis_bspline_n_15": 224.9865035626198,
  "hat_locallinear_bw_0.55_k_18_basis_bspline_n_11": 68.54088832452086,
  "hat_locallinear_bw_0.15_k_14_basis_fourier_n_9": 169.0257483255482,
  "hat_nadarayawatson_bw_0.32_k_14_basis_fourier_n_11": 91.52671782265527,
  "hat_locallinear_bw_0.65_k_17_basis_fourier_n_5": 77.47373195261707,
  "hat_nadarayawatson_bw_0.27_k_19_basis_fourier_n_7": 86.35514984555863,
  "hat_nadarayawatson_bw_0.32_k_7_basis_fourier_n_11": 91.52671782265527,
  "hat_locallinear_bw_0.35_k_13_basis_fourier_n_15": 70.16632069673358,
  "hat_kneighbors_bw_0.23_k_18_basis_fourier_n_11": 131.13172684793736,
  "hat_kneighbors_bw_0.99_k_6_basis_bspline_n_7": 108.14782329854447,
  "hat_locallinear_bw_0.57_k_3_basis_bspline_n_15": 70.91867042556376,
  "hat_kneighbors_bw_0.61_k_15_basis_bspline_n_9": 117.69585025382932,
  "hat_kneighbors_bw_0.32_k_6_basis_bspline_n_9": 108.14782329854447,
  "hat_locallinear_bw_0.25_k_6_basis_bspline_n_9": 40.636675401860984
}