{
  "data_bspline_5_coef_bspline_5": 0.283183754561285,
  "data_bspline_5_coef_bspline_7": 0.2831837545612831,
  "data_bspline_5_coef_bspline_9": 0.283183754561283,
  "data_bspline_5_coef_fourier_5": 0.28318375456128386,
  "data_bspline_5_coef_fourier_7": 0.28318375456128214,
  "data_bspline_5_coef_fourier_9": 0.28318375456128225,
  "data_bspline_7_coef_bspline_5": 0.2835150466681143,
  "data_bspline_7_coef_bspline_7": 0.2984219773695814,
  "data_bspline_7_coef_bspline_9": 0.298421977365565,
  "data_bspline_7_coef_fourier_5": 0.2886943222368047,
  "data_bspline_7_coef_fourier_7": 0.2984219773695814,
  "data_bspline_7_coef_fourier_9": 0.29842197736958054,
  "data_bspline_9_coef_bspline_5": 0.28346302326529094,
  "data_bspline_9_coef_bspline_7": 0.29722544775181536,
  "data_bspline_9_coef_bspline_9": 0.2903819009952615,
  "data_bspline_9_coef_fourier_5": 0.2901058618838621,
  "data_bspline_9_coef_fourier_7": 0.28584350184326546,
  "data_bspline_9_coef_fourier_9": 0.29038190096481936,
  "data_fourier_5_coef_bspline_5": 0.28978880625895354,
  "data_fourier_5_coef_bspline_7": 0.2897888062589581,
  "data_fourier_5_coef_bspline_9": 0.2897888062589528,
  "data_fourier_5_coef_fourier_5": 0.2897888062589529,
  "data_fourier_5_coef_fourier_7": 0.289788806258953,
  "data_fourier_5_coef_fourier_9": 0.289788806258953,
  "data_fourier_7_coef_bspline_5": 0.2815848883877104,
  "data_fourier_7_coef_bspline_7": 0.2786432573712572,
  "data_fourier_7_coef_bspline_9": 0.27864325737079365,
  "data_fourier_7_coef_fourier_5": 0.28994269353416924,
  "data_fourier_7_coef_fourier_7": 0.27864325737125406,
  "data_fourier_7_coef_fourier_9": 0.27864325737125395,
  "data_fourier_9_coef_bspline_5": 0.2828702811332876,
  "data_fourier_9_coef_bspline_7": 0.2944617055198293,
  "data_fourier_9_coef_bspline_9": 0.2793143851991041,
  "data_fourier_9_coef_fourier_5": 0.2897518165509519,
  "data_fourier_9_coef_fourier_7": 0.2784242322533793,
  "data_fourier_9_coef_fourier_9": 0.2793143852003926
}